Sl. No,Polling Station No,SELVARAJ.V Jananayaga Katchi Indiya,ROHINI.T Katchi Tamilar Naam,SANKAR.P Independent,CHANDRASEKARAN. C Independent,THIYAGARAJAN.C Independent,DINESH.C Independent,DURAIRAJ.S Independent,PRASATH.S Independent,MUTHUSAMY.C Independent,RANCHITH.C Independent,RAMESH.R Independent,RAMASAMY.K.V Independent,Total Valid Votes,Rejected Votes,NOTA,Total Votes,Tendered Votes
1,,2,3,4,5,6,7,8,9,10,11,12,13,14,15,16,17,18,19,20,21
1,1,414,378,5,1,22,0,6,0,0,0,0,0,2,1,7,836,0,16,852,0
2,2,347,299,3,2,49,1,7,1,0,0,1,2,1,0,3,716,0,4,720,0
3,3M,218,244,2,2,31,0,4,0,0,0,1,0,0,0,0,502,0,5,507,0
4,3A(W),229,241,2,4,22,2,2,0,0,0,0,0,0,0,0,502,0,3,505,0
5,4M,230,212,2,0,31,1,8,0,0,0,0,0,0,0,0,484,0,4,488,0
6,4A(W),278,188,2,0,12,0,8,1,0,0,0,0,0,0,1,490,0,5,495,0
7,5M,218,174,0,2,25,0,6,0,0,0,0,0,0,0,0,425,0,5,430,0
8,5A(W),239,149,2,1,10,0,7,0,0,0,0,0,0,0,1,409,0,4,413,0
9,6,237,470,2,7,39,0,35,1,0,2,1,0,0,0,2,796,0,10,806,0
10,7,322,396,3,3,68,0,22,0,0,0,1,0,0,3,2,820,0,6,826,0
11,8,335,246,3,0,50,0,6,0,0,1,0,0,0,0,4,645,0,6,651,0
12,9,284,269,1,0,29,1,5,1,1,1,2,0,0,0,1,595,0,5,600,0
13,10M,242,210,4,0,47,1,4,0,0,0,0,0,0,1,0,509,0,3,512,0
14,10A(W),291,175,0,0,21,0,2,0,0,0,0,0,0,0,0,489,0,8,497,0
15,11,403,273,2,2,34,1,7,1,0,0,0,0,1,0,0,724,0,11,735,0
16,12M,224,201,6,0,37,0,0,0,0,0,0,0,0,1,2,471,0,2,473,0
17,12A(W),225,208,2,0,13,0,0,0,0,0,0,0,0,1,5,454,0,8,462,0
18,13,453,254,25,0,43,0,0,0,0,0,0,1,0,0,0,776,0,16,792,0
19,14,385,341,4,1,36,0,9,0,0,0,0,0,0,1,4,781,0,8,789,0
20,15M,205,179,2,0,40,0,15,0,0,0,0,0,0,0,0,441,0,9,450,0
21,15A(W),255,178,3,1,14,1,9,0,0,0,1,0,0,3,1,466,0,6,472,0
22,16M,166,222,2,2,21,0,15,0,1,0,0,0,0,0,1,430,0,3,433,0
23,16A(W),184,226,6,0,9,1,14,0,0,0,1,1,0,1,2,445,0,2,447,0
24,17,149,202,1,2,16,0,29,0,0,3,0,0,0,1,1,404,0,2,406,0
25,18,385,263,3,0,45,0,57,0,0,0,1,1,1,1,0,757,0,10,767,0
26,19,361,292,2,1,37,0,5,0,0,2,1,1,1,4,1,708,0,9,717,0
27,20,490,276,7,0,58,1,14,0,0,0,1,2,1,0,4,854,0,11,865,0
28,21M,264,131,3,0,31,0,1,0,0,0,0,1,0,0,0,431,0,2,433,0
29,21A(W),301,110,5,0,17,0,2,0,0,0,0,0,0,0,0,435,0,6,441,0
30,22,244,324,5,6,79,2,51,0,0,3,0,1,0,1,5,721,0,9,730,0
31,23,248,191,1,1,52,3,127,2,1,0,0,1,1,2,2,632,0,6,638,0
32,24,175,170,1,1,14,1,15,0,0,0,0,1,0,0,0,378,0,1,379,0
33,25,342,275,4,6,26,1,20,0,0,0,1,0,0,0,0,675,0,9,684,0
34,26,308,354,2,1,39,0,10,0,0,0,0,0,1,1,2,718,0,3,721,0
35,27M,181,226,4,2,40,0,24,1,0,0,0,0,0,0,0,478,0,11,489,0
36,27A(W),218,222,4,2,8,0,30,0,0,0,0,0,0,0,1,485,0,1,486,0
37,28M,200,167,5,2,29,2,1,1,0,0,0,0,0,0,0,407,0,6,413,0
38,28A(W),257,177,1,1,16,1,3,0,1,1,1,0,0,2,0,461,0,3,464,0
39,29,258,263,6,3,36,0,7,0,0,0,0,0,0,1,1,575,0,12,587,0
40,30,241,220,3,2,42,1,2,0,0,0,0,0,1,0,0,512,0,2,514,0
41,31M,226,213,3,2,33,0,13,1,0,0,0,0,0,0,0,491,0,8,499,0
42,31A(W),251,206,0,2,25,0,8,0,1,0,0,0,0,0,1,494,0,4,498,0
43,32M,200,157,3,1,31,0,4,0,0,0,0,0,0,0,0,396,0,2,398,0
44,32A(W),246,149,1,1,11,0,4,0,0,0,0,1,0,0,1,414,0,3,417,0
45,33,371,334,5,0,65,0,6,2,0,0,1,0,0,1,2,787,0,11,798,0
46,34,328,307,2,2,34,2,12,0,2,0,0,0,0,0,0,689,0,7,696,0
47,35,224,228,0,0,23,1,10,1,0,0,0,0,0,0,1,488,0,6,494,0
48,36,269,346,3,1,34,1,7,0,0,0,0,0,1,1,11,674,0,10,684,0
49,37,394,348,3,2,44,1,1,0,1,0,0,1,0,0,1,796,0,5,801,0
50,38,333,346,1,7,44,0,20,0,0,0,0,2,1,0,2,756,0,8,764,0
51,39M,168,207,1,0,27,0,33,0,0,0,0,0,0,0,1,437,0,3,440,0
52,39A(W),217,224,1,1,16,2,13,1,0,0,1,0,0,1,1,478,0,6,484,0
53,40,152,334,2,3,11,1,117,1,2,1,0,2,1,2,3,632,0,5,637,0
54,41,251,258,5,0,5,0,53,3,0,4,0,0,2,0,2,583,0,4,587,0
55,42,214,349,5,2,2,1,94,1,1,1,0,1,2,5,4,682,0,12,694,0
56,43,275,293,9,0,19,4,202,6,1,1,2,6,1,6,6,831,0,9,840,0
57,44,156,390,1,0,10,1,128,1,0,4,0,5,2,5,5,708,0,8,716,0
58,45,216,253,6,0,7,3,192,3,1,3,5,3,1,7,8,708,0,18,726,0
59,46,137,126,2,1,16,0,86,0,0,0,0,0,0,1,0,369,0,7,376,0
60,47,205,276,4,1,23,1,170,4,0,2,2,2,2,0,9,701,0,7,708,0
61,48,140,225,5,1,4,0,101,3,1,0,2,5,0,0,3,490,0,6,496,0
62,49,267,404,5,0,8,6,117,4,1,2,1,4,2,0,7,828,0,9,837,0
63,50,280,497,7,0,10,0,71,0,1,0,0,5,0,1,4,876,0,5,881,0
64,51,184,454,4,1,11,1,163,2,1,3,2,3,0,6,7,842,0,5,847,0
65,52,298,238,3,0,6,7,325,2,2,3,5,9,1,1,6,906,0,6,912,0
66,53M,102,279,2,1,14,0,107,1,0,0,0,1,1,1,1,510,0,0,510,0
67,53A(W),115,232,4,1,3,0,106,2,0,0,0,1,1,0,3,468,0,0,468,0
68,54M,127,149,1,0,36,1,198,7,0,1,0,2,0,0,2,524,0,0,524,0
69,54A(W),138,130,6,3,12,1,147,5,1,2,1,4,1,4,6,461,0,6,467,0
70,55,92,151,8,0,6,0,94,1,0,2,0,0,1,3,3,361,0,3,364,0
71,56,183,341,2,1,9,2,258,3,1,2,1,4,2,2,5,816,0,4,820,0
72,57,69,226,2,1,4,2,135,4,3,1,1,2,2,2,3,457,0,9,466,0
73,58,161,499,15,1,16,1,178,4,0,1,1,4,0,1,1,883,0,5,888,0
74,59,119,311,2,0,3,0,72,1,0,0,0,2,1,0,9,520,0,2,522,0
75,60,227,340,3,2,22,1,223,3,1,1,1,4,2,2,3,835,0,10,845,0
76,61,239,330,4,1,32,2,142,6,1,4,3,1,1,4,9,779,0,14,793,0
77,62,194,187,3,1,13,2,120,3,0,1,0,3,1,1,8,537,0,6,543,0
78,63,199,292,5,2,13,1,100,3,1,4,2,0,1,5,12,640,0,15,655,0
79,64M,104,255,1,0,15,0,133,1,0,0,0,1,0,2,2,514,0,5,519,0
80,64A(W),142,204,3,2,7,1,119,3,0,1,1,1,0,4,6,494,0,3,497,0
81,65,189,216,6,0,14,2,189,3,0,4,0,1,1,1,3,629,0,9,638,0
82,66,265,276,6,2,19,1,107,1,1,0,2,3,3,3,6,695,0,10,705,0
83,67M,132,234,2,0,13,1,131,8,0,1,1,6,2,1,3,535,0,6,541,0
84,67A(W),146,203,1,0,4,0,136,1,1,1,1,5,1,5,6,511,0,6,517,0
85,68,127,425,4,0,15,1,304,3,2,3,4,9,2,2,2,903,0,6,909,0
86,69,138,244,2,2,21,0,232,7,2,1,1,4,3,0,10,667,0,7,674,0
87,70M,78,278,6,0,14,0,141,0,2,0,2,3,1,3,5,533,0,4,537,0
88,70A(W),91,264,5,1,5,0,111,6,2,1,0,5,1,5,5,502,0,3,505,0
89,71,205,183,1,3,13,2,123,1,3,3,1,3,2,2,8,553,0,5,558,0
90,72,161,310,4,0,7,0,68,2,0,1,1,2,0,0,5,561,0,6,567,0
91,73,358,398,4,0,10,0,64,0,0,1,1,1,0,1,6,844,0,9,853,0
92,74M,153,229,0,0,17,0,99,0,1,0,0,3,0,0,2,504,0,2,506,0
93,74A(W),167,193,5,1,5,0,91,2,0,2,1,1,1,1,3,473,0,8,481,0
94,75,122,433,5,1,15,0,130,0,0,2,0,0,0,1,5,714,0,1,715,0
95,76,260,252,1,0,22,0,144,3,1,1,0,1,0,0,12,697,0,3,700,0
96,77M,146,212,3,0,23,1,68,2,0,0,0,1,2,0,0,458,0,2,460,0
97,77A(W),159,194,3,1,14,1,99,0,0,0,0,3,1,3,5,483,0,5,488,0
98,78,238,324,0,0,23,0,107,2,0,0,1,0,1,1,6,703,0,9,712,0
99,79M,113,167,0,1,40,0,114,0,0,1,1,0,0,0,1,438,0,2,440,0
100,79A(W),153,159,2,1,21,1,147,4,1,1,1,2,1,0,2,496,0,4,500,0
101,80,157,223,0,1,38,2,156,5,0,2,0,0,0,6,3,593,0,3,596,0
102,81,172,323,3,0,48,1,265,1,2,2,1,1,2,0,3,824,0,5,829,0
103,82,300,394,2,1,54,1,104,0,0,1,1,4,0,2,4,868,0,11,879,0
104,83M,176,213,0,1,53,1,19,1,0,0,0,0,0,1,1,466,0,4,470,0
105,83A(W),226,250,1,2,24,1,26,0,0,0,1,0,0,1,4,536,0,11,547,0
106,84,338,400,0,0,34,1,18,0,0,0,0,0,0,1,2,794,0,3,797,0
107,85M,147,203,2,4,14,0,30,0,1,0,0,1,0,1,0,403,0,4,407,0
108,85A(W),175,241,1,4,17,2,19,0,1,0,1,0,0,3,1,465,0,3,468,0
109,86,496,238,2,0,30,0,40,0,0,0,0,0,0,0,0,806,0,7,813,0
110,87M,166,248,4,0,18,0,27,0,0,0,0,1,0,0,1,465,0,4,469,0
111,87A(W),184,239,0,1,3,0,25,0,0,1,0,0,0,2,8,463,0,7,470,0
112,88,250,297,2,2,49,1,6,0,0,0,0,0,1,0,2,610,0,7,617,0
113,89,333,281,2,1,38,1,5,0,0,0,0,1,0,0,3,665,0,5,670,0
114,90,295,384,2,4,45,0,4,0,0,0,0,0,0,1,2,737,0,5,742,0
115,91M,157,235,0,0,36,0,6,0,0,0,0,2,0,0,1,437,0,10,447,0
116,91A(W),227,187,3,0,10,0,9,0,0,0,0,0,0,1,7,444,0,12,456,0
117,92,152,97,0,0,20,1,2,0,0,0,0,1,0,0,2,275,0,3,278,0
118,93,245,266,0,0,29,0,9,0,1,0,0,0,0,0,0,550,0,6,556,0
119,94,305,215,4,0,36,1,3,0,0,0,0,0,1,1,4,570,0,12,582,0
120,95,414,260,2,2,28,0,8,0,0,0,0,0,0,1,0,715,0,6,721,0
121,96,267,281,2,2,40,0,4,0,0,0,0,0,0,0,0,596,0,3,599,0
122,97,234,180,2,0,32,1,14,0,0,0,0,0,0,0,1,464,0,1,465,0
123,98M,221,219,0,0,22,0,4,0,0,0,0,0,0,0,0,466,0,6,472,0
124,98A(W),306,166,3,1,13,0,5,0,0,0,0,0,0,1,4,499,0,9,508,0
125,99,312,268,3,0,32,1,10,0,0,0,0,0,0,0,5,631,0,11,642,0
126,100,274,243,2,2,50,0,2,0,0,0,0,1,1,1,1,577,0,5,582,0
127,101,233,201,2,0,44,0,25,0,0,0,1,0,0,0,0,506,0,6,512,0
128,102,198,238,3,0,28,1,27,1,0,0,0,0,0,1,1,498,0,2,500,0
129,103,246,514,0,1,41,0,15,0,0,1,0,1,0,0,3,822,0,12,834,0
130,104,206,345,3,5,28,1,28,0,0,0,1,0,0,0,1,618,0,7,625,0
131,105,358,309,6,4,32,0,21,0,2,0,0,0,0,0,1,733,0,12,745,0
132,106M,159,232,0,2,35,2,16,0,0,0,0,0,1,0,0,447,0,5,452,0
133,106A(W),221,214,0,2,29,1,25,2,0,0,0,1,0,0,2,497,0,3,500,0
134,107M,147,208,1,1,26,0,9,0,0,0,0,1,0,0,0,393,0,8,401,0
135,107A(W),156,238,1,1,12,0,7,0,1,0,0,0,1,1,1,419,0,6,425,0
136,108,382,214,0,1,38,0,30,1,0,1,3,0,0,0,0,670,0,12,682,0
137,109M,157,183,5,4,44,0,19,0,0,0,0,1,0,1,0,414,0,5,419,0
138,109A(W),198,236,0,2,24,0,20,0,0,0,0,2,0,1,7,490,0,5,495,0
139,110,340,300,5,1,48,2,49,1,0,1,0,2,1,1,1,752,0,11,763,0
140,111M,149,194,0,4,44,2,14,0,0,1,0,0,0,0,1,409,0,4,413,0
141,111A(W),190,194,0,2,16,2,11,0,0,1,0,1,1,2,1,421,0,8,429,0
142,112,367,372,1,0,36,0,18,1,1,0,0,0,0,0,1,797,0,5,802,0
143,113,154,140,1,0,17,0,4,0,0,0,0,1,0,0,0,317,0,4,321,0
144,114,210,306,3,0,57,1,10,0,0,0,0,0,0,0,0,587,0,6,593,0
145,115,268,371,1,1,31,0,3,0,0,0,0,0,1,0,1,677,0,6,683,0
146,116,385,277,3,1,29,0,7,0,0,0,0,3,0,0,8,713,0,8,721,0
147,117,353,246,3,0,21,2,22,0,0,0,0,0,0,0,4,651,0,17,668,0
148,118,306,244,1,0,20,1,46,1,0,0,0,0,0,3,1,623,0,7,630,0
149,119M,186,218,0,0,23,0,42,1,0,0,0,0,0,0,0,470,0,2,472,0
150,119A(W),240,204,0,1,8,0,30,0,0,0,0,1,0,0,4,488,0,10,498,0
151,120M,166,230,2,3,34,0,16,0,0,0,0,1,0,0,0,452,0,4,456,0
152,120A(W),224,205,2,2,16,0,5,0,0,0,0,1,0,1,1,457,0,7,464,0
153,121,206,307,0,2,27,0,24,1,0,0,2,2,0,1,3,575,0,15,590,0
154,122,206,411,1,8,36,0,8,0,0,0,0,0,0,0,0,670,0,5,675,0
155,123,287,287,3,2,53,2,2,0,0,0,0,1,0,1,3,641,0,9,650,0
156,124,335,274,0,5,32,2,19,0,0,0,1,0,1,0,3,672,0,9,681,0
157,125M,168,176,1,1,44,0,4,0,0,0,0,1,1,1,0,397,0,2,399,0
158,125A(W),226,194,0,1,33,0,8,0,0,0,1,0,0,2,1,466,0,13,479,0
159,126,94,119,1,0,7,0,14,0,0,0,0,0,0,0,0,235,0,4,239,0
160,127M,163,327,0,1,15,0,3,0,0,0,0,0,0,0,0,509,0,6,515,0
161,127A(W),226,304,0,0,9,0,0,0,0,0,0,0,0,0,0,539,0,2,541,0
162,128,379,262,1,1,23,0,10,0,0,0,0,1,0,1,2,680,0,12,692,0
163,129,271,297,1,4,29,0,6,0,0,0,0,0,0,0,1,609,0,8,617,0
164,130,153,370,5,18,20,0,16,0,1,0,0,0,0,0,3,586,0,6,592,0
165,131,284,333,3,5,45,0,32,0,0,0,0,1,0,0,2,705,0,10,715,0
166,132M,191,235,1,1,17,0,12,0,0,0,0,0,0,0,0,457,0,3,460,0
167,132A(W),227,243,1,0,8,0,11,0,0,0,0,0,0,1,10,501,0,10,511,0
168,133M,164,206,1,1,16,0,2,0,0,0,0,0,0,0,1,391,0,2,393,0
169,133A(W),206,209,1,0,6,0,5,0,0,0,0,0,0,0,4,431,0,11,442,0
170,134M,172,203,0,4,18,1,39,0,0,0,0,0,0,0,0,437,0,5,442,0
171,134A(W),216,250,2,0,9,2,31,0,0,0,0,0,0,0,2,512,0,7,519,0
172,135,221,289,1,0,52,1,15,0,0,0,0,0,0,0,1,580,0,6,586,0
173,136,200,203,2,0,42,2,8,0,0,0,1,1,0,0,0,459,0,5,464,0
174,137,204,300,3,0,24,0,9,0,0,0,1,1,0,1,1,544,0,4,548,0
175,138,102,194,2,1,26,0,100,2,1,3,0,1,0,0,1,433,0,1,434,0
176,139,158,399,2,2,41,1,37,0,0,0,0,0,0,1,3,644,0,6,650,0
177,140,194,287,3,5,36,0,16,1,0,0,1,0,1,0,0,544,0,4,548,0
178,141,350,434,2,2,51,0,10,0,0,0,0,2,0,3,6,860,0,11,871,0
179,142,411,331,4,0,51,0,15,0,1,0,1,0,0,1,4,819,0,14,833,0
180,143,301,343,0,1,64,0,17,0,0,0,2,0,1,1,1,731,0,13,744,0
181,144,482,259,3,1,10,2,33,0,0,0,0,0,1,0,2,793,0,12,805,0
182,145,427,293,2,1,36,0,55,0,0,2,0,1,0,1,2,820,0,8,828,0
183,146,133,183,0,6,20,1,20,0,0,0,0,0,0,0,0,363,0,7,370,0
184,147,279,279,3,7,24,1,67,2,0,1,0,0,0,0,3,666,0,7,673,0
185,148,85,302,1,2,24,0,18,0,0,0,0,0,0,0,0,432,0,1,433,0
186,149,235,327,1,1,65,0,24,0,0,2,0,0,0,0,1,656,0,1,657,0
187,150M,194,206,0,0,38,0,11,0,0,0,0,0,0,0,2,451,0,5,456,0
188,150A(W),244,196,1,1,22,1,14,0,0,0,0,0,0,0,1,480,0,5,485,0
189,151,207,151,3,1,46,0,13,0,0,0,0,0,0,0,2,423,0,2,425,0
190,152,224,195,3,0,51,1,13,0,0,0,0,0,0,2,0,489,0,8,497,0
191,153,252,407,1,0,53,0,11,0,0,0,0,0,0,1,4,729,0,8,737,0
192,154,254,239,1,0,45,0,28,0,1,0,0,0,0,0,0,568,0,4,572,0
193,155,308,209,2,1,52,0,14,0,0,0,0,0,0,0,1,587,0,9,596,0
194,156,229,261,6,2,56,2,9,0,1,0,0,0,1,0,1,568,0,7,575,0
195,157,208,164,2,0,34,0,3,0,0,0,0,0,0,0,1,412,0,7,419,0
196,158,410,292,1,0,83,0,12,0,0,1,0,1,0,0,1,801,0,11,812,0
197,159,240,123,0,0,37,0,5,0,2,0,0,0,0,0,0,407,0,2,409,0
198,160,254,250,2,1,72,0,38,1,0,0,0,0,1,0,2,621,0,5,626,0
199,161M,194,183,4,0,68,0,7,0,0,1,0,0,0,0,0,457,0,2,459,0
200,161A(W),255,236,1,0,35,1,14,0,0,0,0,1,1,3,1,548,0,5,553,0
201,162,228,229,1,1,46,0,18,0,1,0,0,1,0,10,5,540,0,7,547,0
202,163,296,493,7,0,49,0,27,1,1,0,0,0,1,2,2,879,0,7,886,0
203,164,318,281,5,1,47,0,7,1,0,0,0,1,1,1,1,664,0,11,675,0
204,165,317,251,2,1,38,2,8,0,0,1,0,0,2,0,3,625,0,12,637,0
205,166,208,269,1,1,35,0,1,1,1,0,1,0,0,0,1,519,0,7,526,0
206,167,187,318,8,0,26,1,2,0,0,1,0,0,0,0,2,545,0,5,550,0
207,168,301,290,1,3,89,1,13,0,2,0,0,0,0,0,2,702,0,13,715,0
208,169,160,147,0,1,33,1,10,0,0,0,0,0,0,0,1,353,0,6,359,0
209,170M,194,192,3,1,41,0,9,0,0,0,0,0,1,0,1,442,0,2,444,0
210,170A(W),252,208,1,1,27,1,15,0,0,0,0,0,0,0,1,506,0,6,512,0
211,171,330,354,2,5,76,1,19,1,0,0,0,2,0,0,0,790,0,12,802,0
212,172,295,251,3,1,52,0,18,3,0,0,0,0,1,0,2,626,0,9,635,0
213,173,243,304,2,2,60,0,5,0,0,0,0,0,1,0,1,618,0,7,625,0
214,174,289,320,0,4,74,1,6,0,0,0,0,1,0,0,0,695,0,14,709,0
215,175,153,177,3,0,36,0,11,1,0,0,0,0,0,1,0,382,0,7,389,0
216,176M,96,233,0,0,40,0,5,0,0,0,0,0,1,0,0,375,0,5,380,0
217,176A(W),95,242,3,0,18,0,1,0,0,0,0,0,0,0,0,359,0,5,364,0
218,177,151,311,8,0,85,0,10,0,0,0,0,0,0,0,0,565,0,9,574,0
219,178,446,160,1,1,19,0,0,0,0,0,0,0,0,1,0,628,0,6,634,0
220,179,258,178,1,2,32,1,5,0,0,0,1,0,0,0,0,478,0,4,482,0
221,180,210,378,4,0,63,0,11,0,1,0,0,0,2,0,2,671,0,1,672,0
222,181,365,298,1,0,43,0,15,1,1,0,1,0,0,0,0,725,0,11,736,0
223,182,129,114,1,0,10,0,1,0,1,0,0,1,0,0,1,258,0,2,260,0
224,183,304,398,3,0,49,0,16,0,0,1,1,0,0,0,1,773,0,6,779,0
225,184,256,494,3,3,61,2,8,0,0,1,0,0,0,0,1,829,0,2,831,0
226,185,312,427,4,1,56,1,0,1,2,0,1,0,0,0,6,811,0,9,820,0
227,186,219,400,3,0,33,0,5,0,0,0,0,0,0,0,1,661,0,7,668,0
228,187,93,241,1,0,16,0,6,0,0,0,0,0,0,0,1,358,0,1,359,0
229,188,261,142,1,3,31,0,8,0,0,1,0,0,2,0,0,449,0,5,454,0
230,189,256,202,1,3,24,2,12,0,0,0,0,0,0,1,0,501,0,5,506,0
231,190,223,131,0,0,17,1,10,0,0,0,0,0,0,0,1,383,0,2,385,0
232,191,235,181,2,2,48,0,8,0,1,0,1,0,0,1,0,479,0,8,487,0
233,192,295,271,0,1,67,1,25,0,0,1,0,0,0,0,2,663,0,6,669,0
234,193,279,220,2,0,50,1,64,2,0,0,0,0,1,1,2,622,0,6,628,0
235,194,177,293,1,0,44,0,22,0,0,0,0,1,1,1,2,542,0,9,551,0
236,195,161,283,3,2,42,0,43,1,0,0,0,0,0,1,0,536,0,5,541,0
237,196M,154,257,5,0,47,0,24,0,0,0,1,2,0,0,0,490,0,1,491,0
238,196A(W),198,188,3,1,31,2,27,0,0,0,0,1,1,2,1,455,0,12,467,0
239,197,275,246,2,1,31,0,26,0,0,0,2,0,1,2,0,586,0,4,590,0
240,198,296,284,2,0,48,0,20,0,1,0,1,1,0,0,2,655,0,7,662,0
241,199,333,289,0,0,15,1,11,0,0,0,0,0,1,0,0,650,0,3,653,0
242,200,368,231,8,0,36,1,5,0,0,0,0,1,0,0,6,656,0,11,667,0
243,201,340,204,5,1,66,1,25,0,0,0,1,0,1,2,3,649,0,7,656,0
244,202,280,349,2,6,35,2,14,0,0,1,0,1,0,0,0,690,0,14,704,0
245,203,158,95,0,1,21,0,3,0,0,0,0,0,0,1,1,280,0,5,285,0
246,204M,153,200,1,0,42,0,5,0,0,0,0,0,0,0,0,401,0,1,402,0
247,204A(W),203,196,2,0,21,0,8,0,0,0,0,1,0,0,5,436,0,2,438,0
248,205,188,155,1,0,26,0,1,0,0,0,0,0,1,0,0,372,0,2,374,0
249,206,221,352,4,9,74,2,40,0,0,0,0,1,2,1,3,709,0,9,718,0
250,207,96,155,1,2,15,0,15,0,0,0,0,0,1,0,0,285,0,1,286,0
251,208,356,296,1,0,47,0,9,0,0,0,0,1,0,1,1,712,0,7,719,0
252,209,236,310,4,0,55,2,15,0,0,0,0,0,0,0,0,622,0,7,629,0
253,210,258,310,0,5,64,1,12,0,0,0,0,1,1,2,1,655,0,6,661,0
254,211,203,240,4,2,47,0,9,0,0,0,0,0,0,0,0,505,0,2,507,0
255,212,339,281,4,1,58,1,43,0,2,0,0,2,0,3,2,736,0,9,745,0
256,213,332,175,1,2,48,0,13,0,0,0,0,0,0,0,1,572,0,5,577,0
257,214,177,277,2,3,22,0,13,0,0,0,0,0,0,0,1,495,0,1,496,0
258,215,284,291,4,3,73,0,45,0,0,0,0,0,0,1,0,701,0,5,706,0
259,216,205,216,0,2,82,1,41,1,0,0,0,0,0,0,1,549,0,6,555,0
260,217,100,301,1,0,35,0,29,1,0,0,1,0,0,0,1,469,0,4,473,0
261,218M,142,306,1,1,62,0,12,0,0,0,1,0,0,0,0,525,0,3,528,0
262,218A(W),140,374,0,0,33,0,5,0,0,0,0,0,0,0,3,555,0,4,559,0
263,219M,239,175,0,1,68,0,20,0,0,0,0,0,1,0,0,504,0,5,509,0
264,219A(W),293,182,1,0,31,0,21,1,2,4,0,1,1,1,4,542,0,6,548,0
265,220M,161,193,4,0,42,0,7,0,0,0,0,1,2,1,1,412,0,9,421,0
266,220A(W),216,185,1,0,23,0,4,2,0,0,1,0,0,0,2,434,0,11,445,0
267,221,286,419,4,2,54,0,9,0,0,0,0,0,0,0,3,777,0,10,787,0
268,222M,126,251,0,1,18,1,7,1,0,0,0,0,1,0,1,407,0,2,409,0
269,222A(W),167,318,0,0,17,0,6,0,0,0,1,0,0,0,2,511,0,4,515,0
270,223M,136,232,1,0,49,1,11,0,0,0,0,0,0,0,1,431,0,1,432,0
271,223A(W),176,262,1,0,38,0,17,0,0,0,1,0,1,0,0,496,0,1,497,0
272,224M,144,240,0,0,48,0,5,0,0,0,0,0,0,0,4,441,0,3,444,0
273,224A(W),175,273,4,0,32,1,4,0,1,0,1,0,0,1,5,497,0,7,504,0
274,225,279,357,4,3,41,0,4,0,1,0,1,0,2,0,2,694,0,6,700,0
275,226M,164,230,1,0,54,1,19,2,1,0,0,1,0,0,0,473,0,2,475,0
276,226A(W),202,217,2,1,24,1,19,1,1,0,0,0,1,0,0,469,0,3,472,0
277,227M,159,215,2,1,40,0,1,0,0,0,0,0,0,0,1,419,0,7,426,0
278,227A(W),198,219,3,1,26,1,3,0,0,0,1,0,2,0,6,460,0,14,474,0
279,228,188,304,0,1,32,1,2,0,0,0,0,0,0,0,0,528,0,1,529,0
280,229M,206,191,1,0,62,2,25,1,0,0,0,0,2,0,1,491,0,4,495,0
281,229A(W),233,186,3,3,21,1,23,0,0,0,0,0,0,3,4,477,0,5,482,0
282,230,160,186,1,0,32,0,18,0,0,0,0,0,1,0,1,399,0,3,402,0
283,231,158,212,3,1,28,3,10,0,0,0,0,1,1,0,2,419,0,2,421,0
284,232,173,241,0,1,34,0,6,1,0,0,0,0,0,0,0,456,0,6,462,0
285,233,307,387,1,3,76,1,4,0,1,0,0,0,1,1,3,785,0,10,795,0
286,234,261,256,2,5,32,0,7,0,1,1,0,1,1,1,0,568,0,5,573,0
287,235,235,475,1,0,63,0,14,0,1,0,0,0,1,1,2,793,0,2,795,0
288,236,123,147,1,0,15,0,5,0,0,0,0,0,0,0,0,291,0,1,292,0
289,237,240,317,0,0,72,0,7,0,0,0,0,0,0,0,0,636,0,3,639,0
290,238,201,155,2,0,40,0,2,0,0,0,1,0,0,0,2,403,0,3,406,0
291,239,301,380,1,2,30,0,16,1,0,1,1,1,0,2,2,738,0,6,744,0
292,240,289,305,8,0,54,1,10,0,0,0,0,0,0,1,1,669,0,4,673,0
293,241,238,315,2,0,32,0,6,0,0,0,0,0,0,0,1,594,0,3,597,0
294,242,113,223,0,1,22,0,8,0,0,0,1,0,0,0,0,368,0,2,370,0
295,243M,184,243,3,1,44,1,4,0,0,0,0,0,2,1,1,484,0,5,489,0
296,243A(W),231,250,1,0,22,0,7,0,0,0,1,0,0,0,0,512,0,4,516,0
297,244,355,319,1,0,46,0,12,0,0,0,0,0,1,0,0,734,0,3,737,0
298,245M,182,263,2,0,60,0,9,2,0,0,0,2,0,0,0,520,0,0,520,0
299,245A(W),248,233,1,0,17,0,11,0,1,0,0,1,1,0,2,515,0,4,519,0
300,246,375,254,5,0,48,0,11,0,0,0,0,0,0,0,1,694,0,5,699,0
301,247,173,187,0,0,30,0,4,0,0,0,0,1,0,0,0,395,0,1,396,0
302,248,205,283,8,2,68,1,14,0,0,0,2,1,2,1,2,589,0,5,594,0
303,249,133,280,1,2,32,0,7,0,0,2,1,1,0,2,5,466,0,6,472,0
304,250,183,453,0,0,111,1,29,2,0,2,1,1,1,2,4,790,0,9,799,0
305,251,197,306,2,0,38,0,4,0,0,0,0,0,1,0,0,548,0,6,554,0
306,252,251,366,3,1,34,0,5,0,0,0,0,0,0,0,0,660,0,5,665,0
307,253,254,310,5,0,39,0,0,1,0,0,0,0,0,0,1,610,0,2,612,0
308,254,374,268,3,4,52,2,5,0,0,0,0,0,0,1,5,714,0,6,720,0
309,255,280,265,2,4,30,0,2,0,0,0,0,0,0,0,0,583,0,2,585,0
310,256,201,286,2,0,45,0,3,0,0,0,0,0,0,0,1,538,0,1,539,0
311,257,390,292,1,0,45,1,19,1,0,0,0,0,0,2,3,754,0,4,758,0
312,258,212,228,1,2,36,0,6,0,0,2,0,0,2,0,1,490,0,3,493,0
313,259,312,264,1,0,16,0,1,1,0,1,0,0,0,0,0,596,0,0,596,0
314,260,252,304,2,1,27,0,1,0,0,0,0,0,0,1,0,588,0,6,594,0
315,261M,250,253,3,0,30,2,21,0,0,0,0,0,0,1,0,560,0,7,567,0
316,261A(W),339,199,2,0,9,1,17,0,0,0,0,1,0,1,2,571,0,5,576,0
317,262,251,294,9,2,48,0,14,1,1,0,0,0,0,0,1,621,0,6,627,0
318,263,202,286,2,0,26,1,10,1,0,1,0,0,0,0,1,530,0,5,535,0
319,264,304,378,9,0,62,0,18,1,0,2,1,0,0,1,2,778,0,5,783,0
320,265,182,269,5,0,31,1,21,0,0,0,0,0,0,2,0,511,0,5,516,0
321,266,302,419,0,1,64,0,17,0,0,0,0,0,0,0,2,805,0,2,807,0
322,267,321,305,6,2,62,0,24,1,0,0,0,1,1,3,6,732,0,3,735,0
323,268,195,209,1,1,38,0,22,1,0,0,0,0,0,0,0,467,0,3,470,0
324,269,311,323,4,1,57,2,23,0,0,0,0,0,0,0,2,723,0,10,733,0
325,270M,203,181,4,0,44,0,33,0,0,0,0,0,1,0,1,467,0,6,473,0
326,270A(W),263,170,1,1,17,0,63,0,1,0,0,0,0,0,1,517,0,8,525,0
327,271,163,334,2,1,50,0,12,0,0,0,1,0,1,0,2,566,0,6,572,0
328,272,277,133,1,1,62,0,50,3,0,1,2,1,0,1,0,532,0,4,536,0
329,273M,162,188,4,1,28,0,3,0,0,0,0,0,0,0,1,387,0,4,391,0
330,273A(W),240,178,8,1,19,0,5,1,0,2,0,1,0,0,2,457,0,2,459,0
331,274M,183,203,1,0,36,0,7,0,0,0,0,0,0,1,0,431,0,4,435,0
332,274A(W),233,180,2,1,19,2,7,1,1,1,0,0,0,0,3,450,0,3,453,0
333,275,275,292,5,0,56,0,2,0,0,0,0,0,0,0,1,631,0,6,637,0
334,276,311,377,5,2,59,0,2,0,0,0,0,2,0,1,5,764,0,11,775,0
335,277,383,395,3,5,40,2,2,0,0,1,0,0,0,1,3,835,0,8,843,0
336,278,64,93,0,0,6,0,0,0,0,0,0,0,0,0,0,163,0,5,168,0
337,279,182,223,0,2,26,1,2,0,0,0,1,0,0,0,1,438,0,7,445,0
338,280M,181,268,1,3,56,1,0,0,0,0,0,0,0,0,0,510,0,5,515,0
339,280A(W),173,267,2,5,28,1,3,0,0,0,0,0,1,0,0,480,0,7,487,0
340,281,275,300,1,1,44,0,11,0,0,1,1,0,1,2,0,637,0,7,644,0
341,282,288,311,2,1,44,1,52,1,1,1,1,3,0,1,3,710,0,10,720,0
342,283,247,353,1,2,46,0,2,1,0,0,0,0,0,1,2,655,0,6,661,0
