Sl. No,Polling Station No,Alagaapuram .Mohanraj.R DMDK,"BSPS.Selvan,Tamil",A. Rajendran DMK,PMKR.Arul,PIM A. Kathirvel,KIT J. Karthikeyan,KPMA A. Senthilkumar,A. Thiyagarajan MNM,S. Nagammal NTK,KTMT R. Muthusamy,Dhesiya KM R. Vijayakumar,A. Inbaraj IND,S. Kathavarayan IND,INDM.Gopi,R Gopinath IND,G. Chandrasekaran IND,M. Sabbapathi IND,S. Sarathkumar IND,S. Sivaraman IND,M. Thiyagarajan IND,C. Natarajan IND,D. Balaji IND,M. Mayakannan IND,M. Marimuthu IND,A. Murugan IND,R. Ramkumar IND,B. Rajendiran IND,M. Jeevanantham IND,Total Valid Votes,Rejected Votes,NOTA,Total Votes
1,1,2,0,419,288,0,1,0,4,74,0,12,0,1,1,0,0,0,0,0,0,0,0,0,1,0,0,0,0,803,3,0,806
2,2,2,0,287,157,0,1,0,2,16,0,1,0,1,0,0,0,0,0,1,0,0,0,0,0,0,0,0,0,468,1,0,469
3,3,5,1,408,242,0,1,0,4,34,1,1,0,0,0,0,0,0,1,0,0,0,0,0,0,0,0,0,0,698,2,0,700
4,4,15,1,217,385,0,4,0,28,35,0,4,1,1,0,0,0,0,2,1,1,1,0,0,0,0,1,0,0,697,11,0,708
5,5,12,0,326,354,0,1,0,5,43,0,0,1,0,0,0,4,0,0,0,0,0,0,0,0,0,1,1,0,748,3,0,751
6,6M,8,1,225,113,0,1,0,20,37,0,0,0,0,0,0,0,0,0,0,0,0,0,0,0,0,0,0,0,405,2,0,407
7,6A(W),2,0,212,123,1,1,0,20,22,0,3,1,0,1,0,0,0,0,0,0,0,0,0,0,0,0,0,0,386,1,0,387
8,7,11,2,196,385,1,1,0,15,32,0,5,1,0,0,0,2,0,1,0,1,0,0,0,0,0,3,0,0,656,2,0,658
9,8,2,2,163,253,1,0,1,3,40,0,5,0,1,0,0,1,0,1,0,1,0,0,0,0,0,0,0,1,475,5,0,480
10,9,3,0,198,287,0,1,0,5,27,0,0,0,0,0,0,1,0,0,2,2,1,0,0,1,1,0,1,1,531,4,0,535
11,10,5,2,213,381,1,4,0,17,34,0,3,0,0,1,0,0,0,1,0,3,0,0,0,0,0,1,0,0,666,5,0,671
12,11M,3,1,244,178,0,1,0,13,26,0,1,0,0,0,0,0,1,0,0,0,0,0,0,0,1,0,0,0,469,3,0,472
13,11A(W),3,0,190,210,0,0,0,14,11,1,3,0,0,1,0,1,1,0,0,1,0,0,0,0,0,0,1,1,438,2,0,440
14,12,6,1,304,303,0,5,1,17,53,0,4,0,0,1,0,1,0,3,1,1,0,1,0,0,0,0,0,0,702,3,0,705
15,13,7,1,336,194,0,0,2,7,53,0,2,0,1,0,0,0,0,0,0,0,1,0,0,0,0,0,0,0,604,2,0,606
16,14,10,1,301,233,2,1,1,7,35,0,4,0,0,0,0,0,0,0,2,3,1,0,0,0,0,1,0,0,602,5,0,607
17,15,7,3,294,208,2,5,1,4,38,1,6,2,5,1,0,1,0,3,0,0,0,0,0,0,0,0,0,0,581,4,0,585
18,16,5,1,409,232,2,0,0,55,53,0,1,1,0,0,0,0,0,0,2,2,0,0,0,0,0,1,0,0,764,4,0,768
19,17,2,0,412,381,1,0,0,11,27,1,1,1,2,0,0,1,0,2,2,4,2,0,2,1,0,1,1,1,856,4,0,860
20,18,6,2,275,394,0,4,0,14,22,0,4,0,1,2,0,0,0,4,0,2,0,0,0,0,0,2,0,1,733,2,0,735
21,19,12,0,390,364,1,1,0,11,39,0,1,0,0,1,0,0,0,0,1,0,0,0,0,0,1,0,0,1,823,5,0,828
22,20,2,1,172,583,1,4,0,15,25,0,6,0,0,1,0,0,1,0,1,4,1,1,0,0,0,1,1,1,821,4,0,825
23,21,3,1,218,484,1,3,0,5,16,1,7,0,1,0,0,1,0,0,0,0,1,0,0,0,0,0,0,0,742,6,0,748
24,22,2,3,417,215,1,2,2,3,44,0,7,2,7,3,0,1,0,0,0,0,0,0,0,0,0,0,0,0,709,5,0,714
25,23,5,0,240,176,0,2,0,15,24,0,3,0,0,1,0,0,0,1,0,2,0,0,0,1,0,0,1,1,472,6,0,478
26,24,3,1,144,359,0,1,0,2,4,1,5,0,1,3,0,1,0,2,0,1,0,0,0,1,0,0,0,1,530,4,0,534
27,25,7,2,324,403,4,3,1,3,18,2,5,0,2,2,0,1,1,1,0,2,0,0,0,1,0,3,1,1,787,4,0,791
28,26,1,0,247,515,0,2,0,12,25,0,1,1,1,0,0,0,0,1,0,0,0,0,1,0,0,0,0,0,807,3,0,810
29,27,3,1,156,401,1,2,0,1,14,1,3,0,0,1,0,0,0,1,0,0,0,0,0,0,0,0,0,0,585,3,0,588
30,28M,9,0,279,146,1,1,0,8,62,0,1,0,0,0,0,0,0,1,0,1,0,0,0,0,0,0,0,0,509,5,0,514
31,28A(W),3,0,219,207,0,2,0,14,38,0,2,0,0,0,0,0,0,0,1,0,0,0,0,0,0,0,1,0,487,1,0,488
32,29M,2,0,177,251,0,1,0,16,29,0,0,0,0,0,1,0,0,1,0,0,0,0,0,0,0,0,0,0,478,4,0,482
33,29A(W),1,1,193,249,1,1,0,18,13,0,2,0,1,1,0,0,0,1,0,2,2,0,0,0,0,0,0,1,487,3,0,490
34,30,10,0,236,489,1,2,0,3,43,2,2,0,1,2,2,0,0,1,2,1,0,0,0,1,0,0,0,0,798,3,0,801
35,31M,0,0,178,287,0,0,0,12,21,0,0,1,0,0,0,1,0,0,1,0,0,0,0,0,0,0,0,0,501,1,0,502
36,31A(W),0,0,178,264,0,0,0,11,13,0,5,0,2,2,0,0,1,2,1,1,0,1,0,0,0,0,0,1,482,3,0,485
37,32M,5,0,189,218,0,1,0,11,35,1,0,0,0,0,0,1,0,0,0,1,0,1,0,0,0,0,0,0,463,2,0,465
38,32A(W),4,0,150,251,0,1,0,11,19,0,1,1,1,4,0,1,0,1,1,0,0,1,0,0,0,0,0,1,448,3,0,451
39,33,5,1,275,498,0,1,0,16,22,0,1,0,2,1,0,0,0,2,0,0,0,1,0,0,0,0,0,1,826,4,0,830
40,34M,2,0,161,285,0,0,0,2,17,0,2,0,0,0,0,0,0,0,0,1,0,0,0,0,0,0,0,0,470,1,0,471
41,34A(W),0,1,155,267,0,1,0,7,4,0,3,1,0,0,0,0,0,0,1,0,0,0,0,0,0,1,0,0,441,0,0,441
42,35M,1,0,113,363,0,0,0,3,17,0,1,0,0,0,0,0,0,0,2,3,0,0,0,0,0,3,0,0,506,1,0,507
43,35A(W),0,0,96,336,1,1,0,1,12,0,1,0,0,0,0,0,0,1,1,2,0,0,0,0,0,0,0,0,452,1,0,453
44,36,5,2,156,391,1,1,0,3,20,0,0,1,1,4,0,0,0,1,3,1,0,0,0,1,0,0,1,1,593,2,0,595
45,37,4,0,147,528,2,0,0,1,11,1,7,1,0,2,1,0,0,2,0,4,0,0,0,1,0,1,0,0,713,5,0,718
46,38M,1,0,69,473,0,1,0,3,12,0,0,0,0,0,0,0,0,0,0,1,1,0,0,0,0,0,1,0,562,0,0,562
47,38A(W),0,0,52,372,0,0,0,3,6,0,5,2,1,0,0,0,0,0,0,0,0,0,0,0,0,1,0,0,442,1,0,443
48,39,5,0,149,605,2,4,0,4,22,1,8,1,3,0,1,1,1,0,0,1,0,0,0,1,0,0,0,0,809,6,0,815
49,40,0,1,64,340,0,0,0,7,14,0,1,0,2,0,0,0,1,0,0,1,0,0,0,0,0,0,1,0,432,2,0,434
50,41,1,1,137,556,1,2,0,3,9,0,1,1,0,1,1,1,0,2,0,0,0,0,1,0,0,0,0,0,718,3,0,721
51,42,30,3,315,434,0,2,1,3,19,2,5,0,1,1,1,2,0,2,1,1,0,0,0,4,0,0,0,0,827,6,0,833
52,43,7,2,164,486,4,4,0,4,28,0,3,1,0,0,0,0,0,2,4,1,1,1,1,8,1,2,0,1,725,4,0,729
53,44M,2,1,249,243,1,0,0,1,32,0,1,0,1,0,0,1,0,0,0,0,0,0,0,15,0,0,1,1,549,3,0,552
54,44A(W),4,0,233,216,0,3,0,2,14,0,4,0,0,1,0,0,0,0,0,1,2,0,1,10,0,0,0,0,491,0,0,491
55,45M,0,0,207,205,1,0,0,10,37,2,2,0,1,0,1,1,0,0,0,0,0,0,1,1,0,0,0,0,469,5,0,474
56,45A(W),0,1,190,229,1,1,1,11,26,0,4,1,0,1,1,1,0,0,0,1,0,0,0,0,0,0,0,0,469,7,0,476
57,46,3,3,237,238,2,2,0,9,61,0,1,2,0,1,0,1,1,4,0,0,0,0,0,1,0,1,0,0,567,3,0,570
58,47,3,2,232,247,1,1,0,7,29,1,0,0,0,0,0,0,0,1,3,0,0,0,0,2,0,1,1,1,532,1,0,533
59,48,1,0,159,467,1,1,0,5,27,0,5,2,4,0,0,0,2,0,0,0,0,0,0,0,0,0,0,0,674,5,0,679
60,49,0,0,223,215,2,0,0,12,29,0,1,0,0,0,0,1,0,0,0,0,0,0,0,0,0,1,0,0,484,3,0,487
61,50M,1,0,120,391,0,5,0,2,15,0,0,0,0,0,0,1,0,0,0,0,0,0,0,0,0,0,1,0,536,0,0,536
62,50A(W),5,5,107,309,7,4,0,3,6,1,8,0,6,0,1,0,0,0,1,1,0,0,1,0,0,0,0,0,465,2,0,467
63,51,5,1,61,247,0,0,0,1,1,0,0,2,1,1,1,0,0,0,0,1,0,0,0,0,1,0,0,0,323,1,0,324
64,52,3,0,290,335,2,1,1,3,19,0,3,1,3,1,0,1,1,4,0,4,0,0,0,2,0,0,1,0,675,3,0,678
65,53,5,0,205,554,2,4,0,2,14,0,3,1,1,2,0,0,0,1,0,1,1,0,0,1,0,0,1,0,798,4,0,802
66,54,9,2,188,528,3,1,1,10,11,3,5,0,2,0,0,1,0,0,0,0,1,0,0,0,0,0,1,1,767,2,0,769
67,55,10,1,177,430,2,4,0,4,14,2,4,0,1,3,0,0,0,3,0,1,0,0,0,0,1,1,1,3,662,3,0,665
68,56,18,0,194,550,0,2,1,13,40,1,4,0,2,0,0,1,1,2,1,0,0,0,0,0,0,1,2,1,834,1,0,835
69,57,8,2,290,370,2,2,0,4,20,2,6,2,3,2,0,0,0,0,0,2,0,0,0,0,1,0,0,1,717,2,0,719
70,58,26,2,78,727,2,1,0,1,35,1,1,0,1,0,1,0,0,0,0,5,2,1,0,0,0,0,0,0,884,3,0,887
71,59,21,2,198,489,1,1,0,5,55,3,8,0,1,0,1,0,1,0,0,0,0,0,0,0,0,1,1,0,788,4,0,792
72,60,7,1,214,468,1,0,0,4,26,0,5,1,5,2,0,3,1,1,3,5,2,0,0,0,0,0,0,0,749,4,0,753
73,61,8,0,171,512,2,0,0,1,20,1,7,1,1,2,0,1,1,0,0,1,2,0,0,0,1,2,0,0,734,3,0,737
74,62,6,0,214,284,0,2,0,9,34,1,1,0,0,0,0,2,0,0,0,1,0,0,0,0,0,1,0,0,555,5,0,560
75,63,9,1,208,523,1,2,1,2,25,0,3,0,3,0,0,1,0,0,1,2,2,0,0,0,1,2,0,1,788,2,0,790
76,64,2,0,205,588,4,3,1,2,18,1,2,0,0,0,0,1,1,0,1,2,0,0,0,0,0,1,0,1,833,1,0,834
77,65,2,0,168,468,0,0,0,0,25,0,2,0,1,0,0,0,0,1,0,3,1,0,0,0,0,1,1,0,673,1,0,674
78,66,5,0,200,586,4,2,1,2,22,0,3,0,1,0,0,2,0,0,0,3,0,0,0,0,0,0,0,2,833,3,0,836
79,67,5,1,253,445,1,2,0,10,21,1,4,2,2,0,0,1,0,1,1,0,0,0,1,0,0,1,0,0,752,4,0,756
80,68,10,1,193,289,2,0,0,10,23,2,3,0,2,1,0,1,0,1,3,2,1,1,0,0,0,0,0,0,545,2,0,547
81,69,2,2,143,226,0,1,0,22,18,0,1,0,0,1,0,0,0,2,2,2,0,0,0,0,1,1,2,2,428,0,0,428
82,70,3,0,247,477,3,1,0,14,34,1,5,2,1,1,1,2,0,0,0,4,0,0,0,0,1,0,0,1,798,7,0,805
83,71,7,0,175,196,1,0,0,5,13,1,2,0,0,0,0,0,2,0,4,1,0,0,0,0,0,0,0,0,407,3,0,410
84,72M,5,1,175,249,1,0,0,7,37,0,1,0,0,0,0,0,0,0,0,0,0,0,0,0,0,0,0,2,478,1,0,479
85,72A(W),4,0,201,236,1,2,1,5,16,2,6,1,1,0,0,0,1,2,0,0,0,0,0,0,0,0,0,0,479,0,0,479
86,73M,2,0,193,240,0,1,0,3,18,1,0,0,0,0,0,1,0,1,0,0,0,0,0,1,0,0,1,0,462,3,0,465
87,73A(W),1,0,181,240,1,0,0,1,11,0,4,0,0,0,0,0,0,2,0,0,0,0,0,0,0,1,0,0,442,1,0,443
88,74,0,0,226,366,1,0,1,12,22,1,1,1,2,1,0,1,0,1,1,0,0,0,0,0,0,1,1,1,640,6,0,646
89,75,14,0,345,340,3,5,1,27,50,0,1,1,0,0,0,1,0,0,1,1,0,0,0,0,0,0,0,0,790,10,0,800
90,76M,10,0,286,189,1,0,0,10,27,1,1,0,0,2,0,0,0,0,1,0,0,0,0,0,1,0,1,0,530,9,0,539
91,76A(W),4,1,244,210,1,2,1,9,12,0,4,0,3,2,1,0,1,0,0,0,0,0,0,0,0,0,0,0,495,4,0,499
92,77M,15,1,182,237,0,0,0,14,28,0,1,1,0,0,1,0,0,0,0,0,0,0,0,0,0,0,0,0,480,2,0,482
93,77A(W),8,0,161,250,0,0,0,19,10,0,0,0,0,0,0,0,1,1,0,0,0,0,0,0,0,1,0,1,452,4,0,456
94,78,4,0,280,321,2,0,0,11,16,0,4,0,0,0,0,0,0,0,0,0,0,1,0,0,0,0,0,1,640,3,0,643
95,79,16,2,453,274,0,1,8,9,110,0,2,0,0,1,0,0,0,1,0,0,0,0,3,0,1,1,1,0,883,8,0,891
96,80,12,0,293,388,1,2,0,10,36,1,3,0,2,0,0,3,0,0,0,1,0,0,12,0,0,0,0,0,764,6,0,770
97,81,22,1,219,407,0,0,0,11,36,2,0,0,1,0,0,1,0,0,0,5,2,0,0,0,0,0,0,1,708,9,0,717
98,82,19,2,341,296,1,2,0,4,36,1,2,0,2,0,0,0,0,2,1,3,1,0,0,0,0,0,1,0,714,5,0,719
99,83,12,1,249,405,6,0,1,9,44,3,3,0,1,1,0,0,1,1,1,3,1,0,0,0,0,0,0,0,742,8,0,750
100,84M,7,0,199,294,2,1,1,15,26,1,0,1,1,0,0,0,0,0,0,1,1,0,0,0,0,0,0,1,551,1,0,552
101,84A(W),7,0,170,343,0,4,2,5,10,2,4,0,0,0,0,0,0,1,4,0,1,0,0,0,0,1,1,0,555,1,0,556
102,85M,5,0,165,285,4,0,0,8,28,0,0,0,0,0,0,0,1,0,1,2,0,0,1,0,0,4,0,1,505,6,0,511
103,85A(W),3,0,147,336,7,0,0,12,10,1,2,0,0,0,0,0,0,2,1,1,0,0,0,0,0,1,0,0,523,3,0,526
104,86,5,1,142,302,4,0,0,1,38,0,1,0,2,0,0,0,0,1,1,1,0,0,0,0,0,1,0,0,500,2,0,502
105,87M,6,0,153,248,8,0,0,3,18,0,0,0,0,0,2,0,0,0,0,0,0,0,0,0,1,0,0,0,439,1,0,440
106,87A(W),1,0,136,283,3,0,0,1,9,1,1,0,0,0,0,0,0,0,1,4,1,0,0,1,0,2,0,0,444,3,0,447
107,88,3,0,165,180,0,0,0,4,34,0,0,1,0,0,0,0,1,0,0,0,0,0,0,0,0,1,0,0,389,1,0,390
108,89,15,0,279,369,1,2,0,27,33,0,3,0,2,0,0,1,0,0,1,1,1,0,2,0,0,1,0,2,740,1,0,741
109,90,3,1,246,317,0,1,0,44,40,1,1,0,0,0,0,1,0,1,0,1,5,0,1,0,0,0,0,0,663,2,0,665
110,91M,1,3,141,133,0,0,0,23,30,0,0,0,0,0,0,1,0,0,0,0,1,0,0,0,1,0,1,0,335,6,0,341
111,91A(W),0,1,121,169,0,1,1,19,16,0,1,0,0,0,0,0,0,0,0,0,0,0,0,0,0,0,0,0,329,2,0,331
112,92M,9,3,173,246,0,2,0,28,41,0,0,0,0,0,0,1,0,0,1,1,0,0,0,0,1,0,0,3,509,5,0,514
113,92A(W),2,0,172,224,3,4,0,31,10,0,4,1,1,1,0,0,0,2,2,2,0,0,0,1,0,1,0,0,461,1,0,462
114,93M,6,0,166,229,0,3,0,22,42,0,2,0,0,1,0,0,0,0,0,0,0,0,0,0,0,0,0,0,471,5,0,476
115,93A(W),2,1,154,234,1,1,0,12,19,0,1,0,0,0,0,0,0,1,0,1,0,0,1,0,1,0,1,1,431,4,0,435
116,94M,4,0,216,97,0,0,0,18,28,0,0,0,0,0,0,0,0,0,0,0,0,0,0,0,1,0,0,0,364,4,0,368
117,94A(W),3,0,188,108,1,0,0,19,14,0,1,0,0,0,0,0,0,0,0,0,0,0,0,0,0,0,0,0,334,1,0,335
118,95M,7,1,264,99,0,1,0,7,17,1,0,2,0,0,0,0,0,0,3,1,0,0,0,0,1,0,2,0,406,2,0,408
119,95A(W),3,1,254,78,0,2,0,5,12,0,3,0,1,2,0,3,2,1,2,0,0,0,0,1,1,1,0,0,372,3,0,375
120,96,4,0,163,197,1,2,0,8,15,0,0,0,1,0,0,0,0,0,1,0,0,0,0,0,0,0,0,0,392,3,0,395
121,97,0,1,138,136,1,0,0,14,13,0,1,0,0,3,0,0,0,0,1,0,0,0,0,0,0,0,0,0,308,3,0,311
122,98M,2,1,189,146,0,3,0,12,20,0,1,1,0,0,0,0,0,0,0,0,0,0,0,0,0,0,0,0,375,6,0,381
123,98A(W),0,0,184,141,0,0,0,16,13,0,2,1,1,0,0,0,0,0,1,0,0,0,0,0,0,1,0,0,360,3,0,363
124,99,2,1,257,50,0,1,0,8,16,1,1,0,0,1,0,0,0,0,1,0,0,0,0,0,0,0,0,0,339,3,0,342
125,100,2,0,340,128,1,1,0,12,42,0,0,0,0,2,0,0,0,0,0,0,0,0,0,1,0,0,1,0,530,0,0,530
126,101,6,3,150,355,0,3,0,27,27,1,0,0,3,0,0,2,0,1,0,1,0,0,0,0,0,1,0,1,581,8,0,589
127,102M,9,3,153,296,0,1,1,20,41,0,1,0,0,0,0,0,1,0,1,2,0,0,0,0,0,0,0,0,529,2,0,531
128,102A(W),3,0,138,318,1,1,0,23,17,0,2,1,2,2,0,1,0,1,0,0,0,0,0,0,0,0,0,0,510,3,0,513
129,103M,7,0,184,242,1,0,0,21,16,0,0,0,0,0,0,2,0,1,0,3,0,0,0,0,0,0,0,0,477,3,0,480
130,103A(W),4,0,179,260,2,1,1,35,10,0,2,0,1,0,0,0,0,0,0,1,0,0,0,0,0,1,0,0,497,5,0,502
131,104,2,1,278,252,0,2,0,17,30,1,1,0,0,0,0,0,0,1,2,0,0,0,0,0,0,1,0,0,588,3,0,591
132,105,5,0,228,283,2,3,0,25,27,0,0,0,0,3,0,0,0,0,0,0,0,0,0,1,0,0,0,1,578,4,0,582
133,106M,6,2,222,126,1,1,1,31,35,0,0,0,0,0,0,0,0,0,0,0,0,0,0,0,0,0,0,0,425,6,0,431
134,106A(W),3,1,204,130,0,0,0,29,14,1,3,0,0,0,0,0,2,0,1,0,1,0,1,0,0,0,2,0,392,6,0,398
135,107M,1,0,157,138,0,1,1,14,20,1,0,0,0,0,0,0,0,0,1,0,0,0,0,1,0,0,1,0,336,6,0,342
136,107A(W),1,0,143,162,0,0,0,8,10,0,2,0,0,0,0,0,0,2,0,3,0,0,0,0,0,0,6,0,337,8,0,345
137,108M,10,0,126,145,0,1,0,22,29,0,0,0,1,0,0,0,0,0,0,0,0,0,0,0,0,0,0,0,334,2,0,336
138,108A(W),4,0,110,157,0,2,0,19,15,0,0,1,0,0,0,0,0,0,1,1,0,0,0,1,0,0,0,1,312,4,0,316
139,109M,4,0,142,160,0,1,0,29,17,1,1,0,0,0,0,0,0,0,0,1,0,0,0,0,0,0,0,0,356,3,0,359
140,109A(W),7,2,127,191,1,1,1,43,17,0,1,3,3,1,1,2,1,1,1,2,2,1,1,3,1,0,1,1,416,4,0,420
141,110,4,1,146,299,0,0,0,28,33,0,1,0,0,0,1,1,0,0,0,0,0,0,0,0,0,1,0,0,515,8,0,523
142,111,4,0,238,394,1,1,0,39,34,0,1,1,0,1,0,0,0,2,0,1,0,0,0,2,0,0,0,0,719,8,0,727
143,112,5,2,156,227,1,1,0,10,32,0,2,0,0,0,0,0,0,0,1,1,0,0,0,0,0,1,0,1,440,9,0,449
144,113M,3,1,174,173,0,0,0,23,28,0,0,0,0,1,0,0,0,0,1,0,0,0,0,0,0,0,0,0,404,3,0,407
145,113A(W),2,0,163,168,0,0,0,20,14,1,0,0,0,1,0,0,0,2,0,0,0,0,0,0,1,0,2,1,375,5,0,380
146,114,4,2,260,262,0,2,0,33,28,0,0,0,0,0,0,0,0,0,0,0,0,0,0,0,0,0,0,0,591,14,0,605
147,115M,0,0,149,138,0,1,0,23,16,0,0,0,0,0,0,0,0,0,0,0,0,0,0,0,0,0,0,0,327,3,0,330
148,115A(W),3,1,159,151,0,0,0,13,5,0,1,1,0,0,0,1,0,0,1,0,0,0,0,0,0,0,1,0,337,4,0,341
149,116M,7,0,188,259,0,3,0,24,27,1,1,0,0,1,0,0,0,0,1,0,0,0,0,0,0,0,0,0,512,3,0,515
150,116A(W),1,0,197,252,0,0,1,18,13,1,1,0,2,0,1,0,0,1,0,1,0,0,0,0,0,2,1,1,493,1,0,494
151,117M,1,0,217,109,2,0,0,36,29,0,0,0,0,3,0,1,0,0,0,0,0,0,0,0,0,0,0,0,398,5,0,403
152,117A(W),0,1,208,127,0,2,0,28,14,0,0,0,0,1,2,0,0,0,0,0,0,0,0,0,1,0,0,1,385,7,0,392
153,118M,5,1,303,86,0,1,0,22,42,0,0,1,0,1,0,0,0,0,0,1,0,0,0,0,0,1,0,0,464,1,0,465
154,118A(W),5,0,299,141,1,1,0,10,10,1,1,0,0,2,0,0,0,1,1,1,0,0,0,0,0,0,1,1,476,1,0,477
155,119,13,0,396,215,0,3,1,40,62,0,0,0,3,3,0,0,1,1,1,3,0,0,0,1,0,0,0,1,744,2,0,746
156,120,15,1,329,157,1,1,0,7,27,0,1,0,0,1,0,1,0,0,2,1,0,1,1,1,2,1,0,0,550,5,0,555
157,121,3,1,333,88,1,3,0,25,28,0,0,0,1,0,0,0,0,0,0,0,0,0,0,0,0,0,0,0,483,5,0,488
158,122M,5,1,131,72,0,0,0,25,22,0,0,0,0,0,0,0,0,0,0,0,0,0,0,0,0,1,1,0,258,1,0,259
159,122A(W),2,0,112,76,0,0,0,25,9,0,0,0,0,0,0,0,0,0,0,0,1,0,0,0,0,0,1,0,226,0,0,226
160,123,8,0,165,230,0,0,0,35,17,0,1,0,0,0,0,0,0,0,0,0,0,0,0,0,1,0,0,0,457,6,0,463
161,124,5,0,216,241,1,0,0,52,42,0,0,0,0,0,0,1,0,0,1,0,0,0,0,0,0,1,1,0,561,9,0,570
162,125M,7,0,189,203,1,0,0,16,46,0,0,1,0,0,0,0,0,0,0,0,0,0,0,0,0,0,0,0,463,5,0,468
163,125A(W),11,0,148,213,0,2,0,12,23,0,2,0,0,1,0,0,0,2,2,0,0,0,0,0,0,0,0,1,417,2,0,419
164,126M,4,1,202,241,0,0,0,7,42,0,3,0,0,0,0,0,0,0,0,0,0,0,0,0,0,0,0,0,500,2,0,502
165,126A(W),3,0,184,257,2,3,0,6,17,2,1,2,0,0,0,0,0,1,0,0,0,0,0,0,0,2,0,2,482,1,0,483
166,127M,5,0,157,184,1,1,0,25,35,0,0,0,0,0,0,1,0,0,0,0,0,0,0,0,0,0,0,0,409,6,0,415
167,127A(W),2,0,153,206,0,3,0,32,19,0,0,1,0,0,0,2,0,1,0,0,0,0,0,1,0,1,1,0,422,4,0,426
168,128,6,3,230,250,0,5,0,50,30,0,0,0,0,0,0,0,0,0,0,0,0,0,0,0,0,0,0,0,574,7,0,581
169,129,8,0,202,372,0,0,0,33,40,0,2,0,0,0,0,0,1,1,2,0,0,0,0,0,0,1,1,0,663,4,0,667
170,130M,4,0,188,233,0,0,0,20,28,0,1,0,0,0,0,0,0,0,0,0,0,0,0,1,0,0,1,0,476,3,0,479
171,130A(W),1,0,206,203,1,0,1,23,14,1,1,0,1,0,1,0,1,1,0,1,0,0,0,0,0,1,0,2,459,2,0,461
172,131,7,0,209,204,0,2,0,52,34,1,0,0,0,0,0,1,0,1,0,0,0,0,0,1,0,0,0,0,512,6,0,518
173,132M,7,2,167,166,0,0,0,27,22,0,2,0,0,1,1,0,0,0,0,0,0,0,0,0,0,0,0,0,395,5,0,400
174,132A(W),1,1,145,187,1,1,0,24,17,1,1,1,0,0,0,0,1,2,0,4,1,0,1,0,0,1,2,0,392,2,0,394
175,133,22,2,197,231,0,0,0,40,28,0,0,0,0,0,0,0,0,0,1,1,0,0,0,0,0,0,0,0,522,5,0,527
176,134,5,1,146,210,0,1,1,53,29,0,0,0,0,0,0,0,0,0,0,1,1,0,1,1,0,0,0,1,451,7,0,458
177,135,1,1,222,243,0,1,1,55,31,1,0,0,0,3,1,1,0,0,0,0,0,0,0,0,0,0,0,0,561,6,0,567
178,136,2,3,231,282,1,0,0,30,28,0,3,1,0,0,0,0,1,2,0,0,1,0,0,0,0,0,1,0,586,11,0,597
179,137M,2,0,142,117,0,0,0,34,17,0,0,0,0,0,2,1,0,0,0,0,0,0,0,0,0,0,0,0,315,6,0,321
180,137A(W),3,1,118,106,0,0,0,40,15,0,0,0,0,0,0,0,1,0,0,0,0,0,0,0,0,0,0,1,285,3,0,288
181,138M,5,0,174,210,1,2,0,34,23,0,1,0,1,0,0,0,1,0,0,1,0,0,1,0,0,0,1,0,455,6,0,461
182,138A(W),4,0,149,203,0,1,0,33,17,0,1,0,1,1,0,0,2,0,0,0,0,0,1,0,0,1,0,0,414,1,0,415
183,139,1,0,108,106,0,2,0,71,14,0,0,0,0,0,1,0,0,0,0,0,0,0,0,0,0,0,1,0,304,4,0,308
184,140M,6,1,156,263,2,1,0,10,28,0,1,0,1,0,1,1,0,0,0,0,0,0,0,0,0,0,0,0,471,5,0,476
185,140A(W),2,0,124,257,1,2,0,9,24,0,2,0,0,0,0,0,0,1,2,1,0,0,0,0,1,1,1,0,428,4,0,432
186,141,11,1,309,360,0,2,0,17,18,1,0,0,0,0,0,0,0,2,0,0,0,0,1,0,0,0,0,0,722,7,0,729
187,142,12,0,276,237,0,0,0,26,35,1,0,0,0,3,0,0,0,0,0,0,0,0,0,0,0,0,1,0,591,7,0,598
188,143M,4,0,92,229,1,2,0,24,18,0,1,0,1,0,0,0,0,0,1,1,0,0,0,0,0,0,0,0,374,6,0,380
189,143A(W),5,1,66,250,1,6,1,25,12,1,6,0,1,1,0,1,0,0,0,0,0,0,0,0,0,1,0,0,378,1,0,379
190,144,15,0,183,447,1,3,0,33,29,0,6,1,2,0,1,0,0,0,1,1,1,0,0,0,0,0,0,0,724,3,0,727
191,145,4,1,221,356,1,6,1,31,36,0,3,0,1,0,0,2,0,1,2,1,0,0,1,0,0,0,1,1,670,6,0,676
192,146M,7,0,163,150,1,1,0,31,29,0,0,0,1,0,0,0,0,0,0,0,0,1,0,0,0,0,0,0,384,7,0,391
193,146A(W),1,0,139,153,0,0,0,40,13,1,0,0,0,0,0,0,0,2,0,1,0,1,0,1,0,1,0,0,353,3,0,356
194,147M,6,2,110,212,2,0,0,21,17,1,0,0,0,0,0,0,0,1,0,0,0,0,0,0,0,0,0,0,372,9,0,381
195,147A(W),5,1,88,200,0,1,0,37,12,1,0,1,0,0,0,0,1,1,0,1,0,1,0,1,1,0,0,1,353,5,0,358
196,148,6,1,203,368,1,1,1,31,34,0,2,0,2,0,1,1,0,2,0,1,1,0,1,0,0,0,0,2,659,10,0,669
197,149,10,0,218,401,1,0,0,21,48,1,0,0,0,1,2,1,0,0,0,2,1,0,0,0,1,1,1,0,710,7,0,717
198,150,4,0,166,201,0,1,0,37,14,0,0,0,0,0,1,1,0,0,0,2,0,0,0,0,0,0,1,1,429,5,0,434
199,151M,5,0,120,141,0,0,0,40,17,0,0,0,0,0,0,0,0,0,0,1,0,0,0,0,0,0,0,0,324,6,0,330
200,151A(W),6,0,105,132,0,1,1,38,14,0,0,0,0,0,0,1,1,0,0,0,0,0,0,0,0,1,0,0,300,5,0,305
201,152,1,0,374,176,2,0,0,21,64,1,0,0,0,2,0,1,0,0,1,0,0,0,0,0,0,0,0,1,644,1,0,645
202,153,2,1,331,107,0,0,0,12,22,0,0,0,0,6,0,0,0,0,1,1,0,2,0,0,0,0,0,0,485,7,0,492
203,154,2,1,430,206,3,2,0,25,54,0,1,0,0,5,1,1,2,0,0,3,1,2,0,0,0,0,0,0,739,3,0,742
204,155,5,0,255,212,1,2,1,16,49,0,2,0,0,3,0,0,0,0,0,0,0,0,0,0,0,0,0,0,546,2,0,548
205,156,3,1,168,457,1,2,0,7,23,0,0,1,2,2,0,0,0,1,0,0,0,0,0,0,0,0,0,1,669,3,0,672
206,157,7,1,215,284,1,3,0,6,55,0,1,0,2,1,0,1,0,2,1,1,0,1,0,1,3,0,1,0,587,8,0,595
207,158,19,0,323,347,1,1,0,8,44,1,2,4,0,3,0,0,0,1,0,2,0,0,0,0,0,0,0,0,756,5,0,761
208,159,3,0,241,181,2,1,0,9,29,0,1,0,0,0,0,0,1,0,0,1,0,0,1,0,0,1,1,1,473,3,0,476
209,160M,14,1,164,341,0,2,0,6,27,0,2,0,0,0,1,0,0,0,0,0,0,1,0,1,0,0,0,0,560,2,0,562
210,160A(W),11,1,125,321,0,5,0,3,12,0,3,0,0,1,0,0,1,1,1,0,0,0,0,1,0,0,0,0,486,2,0,488
211,161,18,0,239,414,1,2,1,12,53,1,0,0,1,0,0,2,1,3,2,3,0,0,0,0,1,1,1,0,756,4,0,760
212,162M,4,0,128,195,0,1,0,11,31,0,0,0,0,1,0,0,0,1,0,1,0,0,0,0,0,1,0,0,374,5,0,379
213,162A(W),1,0,107,198,0,2,0,28,16,0,1,0,1,0,0,1,0,0,1,0,0,0,0,1,0,0,0,0,357,2,0,359
214,163M,4,2,165,166,0,2,0,27,31,0,1,0,0,0,0,1,0,0,0,0,0,0,0,0,0,0,0,0,399,3,0,402
215,163A(W),5,1,134,168,1,2,0,32,17,1,1,0,0,0,0,0,0,0,1,0,0,0,0,0,0,0,0,0,363,2,0,365
216,164M,7,2,141,186,0,0,0,32,22,0,1,0,0,0,0,1,0,0,0,0,0,0,0,0,0,0,1,0,393,3,0,396
217,164A(W),3,0,140,157,2,1,1,43,14,2,0,0,1,0,0,0,0,0,0,0,0,0,0,0,0,0,0,0,364,7,0,371
218,165M,6,0,118,269,0,1,0,13,26,0,0,0,0,0,0,0,0,1,0,0,0,0,0,0,0,0,0,0,434,2,0,436
219,165A(W),1,1,122,279,0,0,1,20,14,0,2,0,0,1,1,0,0,0,0,0,0,0,0,0,0,0,0,1,443,2,0,445
220,166M,1,0,124,225,1,0,0,24,23,0,0,0,0,0,0,0,0,2,0,1,0,0,0,0,0,0,0,0,401,7,0,408
221,166A(W),1,2,108,198,2,1,0,14,16,1,1,1,0,2,0,1,0,0,0,1,0,0,0,0,0,0,0,0,349,8,0,357
222,167,2,0,143,201,1,0,0,40,23,0,0,0,0,0,1,2,0,0,0,0,0,0,0,1,0,0,0,0,414,9,0,423
223,168M,4,0,120,196,1,3,0,29,11,0,0,0,0,0,0,0,0,0,0,0,0,0,0,0,0,0,0,0,364,4,0,368
224,168A(W),1,0,110,193,0,0,0,41,6,0,2,0,0,0,0,0,0,1,0,0,1,0,0,0,0,0,0,0,355,5,0,360
225,169,4,0,192,271,0,2,0,44,32,0,1,0,0,0,0,1,0,0,1,0,2,0,0,0,0,0,0,0,550,6,0,556
226,170,8,2,239,313,0,1,0,34,29,1,0,1,0,0,0,0,0,0,0,0,0,0,1,0,0,0,0,0,629,11,0,640
227,171,6,0,156,216,0,2,0,53,17,0,0,0,0,0,1,1,0,1,0,0,0,0,0,0,1,0,0,0,454,12,0,466
228,172,0,0,329,230,0,0,0,40,36,0,0,0,0,0,0,1,0,0,0,0,0,0,1,0,0,0,0,0,637,4,0,641
229,173M,6,0,91,143,0,1,0,26,21,0,0,0,0,0,0,0,0,0,0,0,0,0,0,0,0,0,0,0,288,4,0,292
230,173A(W),6,1,87,122,0,1,1,33,12,0,0,0,0,0,0,0,0,0,0,0,1,0,0,0,0,0,0,0,264,3,0,267
231,174,4,0,245,175,0,0,0,56,38,1,0,0,0,1,0,0,0,0,1,0,0,0,0,0,0,0,0,0,521,4,0,525
232,175,1,1,240,279,0,1,0,37,39,1,0,0,1,0,0,4,0,1,2,0,0,0,1,0,0,0,0,4,612,7,0,619
233,176M,5,0,105,214,0,1,0,15,33,1,0,0,0,0,0,1,0,0,0,2,0,0,0,0,0,0,0,0,377,6,0,383
234,176A(W),4,0,111,218,1,2,0,20,18,0,2,0,1,1,1,0,0,1,0,2,0,0,0,2,0,0,0,1,385,2,0,387
235,177,2,2,123,318,1,3,2,23,21,3,3,0,0,0,0,3,1,3,0,3,0,0,1,0,1,0,1,2,516,5,0,521
236,178M,2,2,207,140,1,2,1,20,21,0,1,0,0,0,0,0,0,0,0,0,0,0,0,0,0,0,0,0,397,7,0,404
237,178A(W),2,0,209,149,1,2,0,29,6,0,2,0,1,0,1,0,1,1,1,1,1,0,0,1,0,1,1,0,410,6,0,416
238,179M,7,1,149,245,2,2,0,6,73,0,1,0,0,0,0,1,0,0,0,2,0,0,0,0,2,0,1,0,492,4,0,496
239,179A(W),5,1,133,264,1,2,0,6,13,0,4,0,0,0,0,0,1,4,2,1,0,0,0,0,0,0,0,1,438,3,0,441
240,180,7,0,200,281,0,2,0,35,36,0,0,0,1,1,0,4,0,0,0,1,0,0,0,0,0,0,1,0,569,9,0,578
241,181M,4,1,155,144,0,3,0,24,26,0,1,0,0,0,0,0,0,0,0,0,0,0,0,0,0,1,0,0,359,7,0,366
242,181A(W),3,1,170,133,0,4,0,26,9,0,0,0,0,0,0,0,1,2,0,0,0,0,0,0,0,0,1,0,350,8,0,358
243,182M,12,1,166,222,0,0,0,11,29,0,2,0,0,0,0,1,0,1,0,1,1,0,0,0,0,0,1,0,448,1,0,449
244,182A(W),4,1,175,222,0,0,0,10,6,0,1,1,0,1,1,0,0,0,0,0,0,0,0,0,0,0,0,0,422,2,0,424
245,183,4,0,256,330,1,1,0,35,40,0,0,0,2,1,0,0,0,0,0,2,0,0,0,0,0,0,0,0,672,7,0,679
246,184M,4,0,218,169,1,0,0,21,37,0,1,0,0,0,0,0,0,0,0,0,0,0,0,0,0,0,0,0,451,4,0,455
247,184A(W),3,1,199,196,0,2,0,15,18,0,2,0,1,0,0,0,0,0,0,1,0,0,0,0,0,0,0,1,439,4,0,443
248,185,14,0,364,379,0,3,0,21,78,0,0,0,1,1,1,1,1,3,1,1,1,0,0,0,2,1,0,0,873,9,0,882
249,186M,12,0,188,166,0,1,0,11,47,0,0,0,0,0,0,0,0,0,0,0,0,0,0,0,2,0,0,0,427,2,0,429
250,186A(W),8,0,180,197,1,0,0,11,15,0,1,2,0,0,0,2,0,0,1,0,0,2,0,0,1,0,0,0,421,3,0,424
251,187,15,0,213,309,0,4,0,11,38,0,2,1,0,1,0,2,0,0,2,0,0,0,0,0,0,1,0,0,599,6,0,605
252,188,7,0,286,285,1,3,0,18,42,0,1,0,0,2,1,3,1,2,1,0,1,0,0,0,0,0,2,1,657,6,0,663
253,189,4,0,112,180,0,1,0,5,17,0,1,0,0,0,0,0,1,0,0,0,1,0,0,0,0,0,0,0,322,2,0,324
254,190M,9,1,139,254,0,0,0,5,16,0,0,0,0,0,0,0,0,0,0,0,1,1,0,0,1,0,0,0,427,2,0,429
255,190A(W),4,1,114,275,0,0,0,5,12,0,5,0,0,0,0,1,0,3,0,0,0,0,0,0,0,1,0,0,421,2,0,423
256,191M,6,0,190,240,1,1,1,9,38,0,2,0,2,0,0,0,1,0,0,0,1,0,0,0,0,0,0,0,492,6,0,498
257,191A(W),1,1,165,266,2,3,0,5,17,3,3,0,2,0,1,0,1,3,0,1,0,0,0,0,0,1,0,0,475,1,0,476
258,192,2,0,162,242,1,1,1,84,25,0,0,0,0,0,1,0,0,0,0,0,0,0,0,0,2,0,0,1,522,9,0,531
259,193M,4,1,117,151,0,1,0,65,21,0,0,0,0,0,0,0,0,0,0,0,0,0,0,1,0,0,0,0,361,15,0,376
260,193A(W),2,0,108,146,0,2,0,68,6,0,0,0,0,0,0,1,0,0,0,0,0,0,0,0,0,0,0,0,333,8,0,341
261,194M,3,0,141,149,1,2,0,38,20,1,1,0,0,0,1,0,0,0,0,0,0,0,0,0,0,0,0,0,357,12,0,369
262,194A(W),8,0,115,132,0,0,0,35,11,0,0,0,0,1,0,0,0,0,1,0,0,0,1,0,0,0,1,0,305,8,0,313
263,195,10,0,233,213,1,1,0,61,19,0,0,0,0,0,0,0,0,1,1,1,0,0,0,0,0,1,0,0,542,7,0,549
264,196M,14,1,170,196,0,3,0,11,20,0,1,1,1,2,0,0,0,1,1,4,0,0,0,0,0,0,0,0,426,7,0,433
265,196A(W),5,2,114,247,0,2,0,8,7,2,3,0,4,3,0,0,0,0,1,3,0,0,0,0,0,1,2,1,405,2,0,407
266,197M,8,0,170,242,1,1,0,23,35,0,0,1,0,0,0,0,0,1,1,0,0,0,1,0,0,0,0,0,484,4,0,488
267,197A(W),5,2,165,141,0,2,0,23,20,0,3,0,1,1,0,1,0,0,0,0,0,0,0,0,0,0,0,0,364,2,0,366
268,198M,4,1,111,91,1,2,0,31,16,0,0,0,0,0,0,0,0,0,0,0,0,0,0,0,0,0,0,1,258,9,0,267
269,198A(W),1,0,103,91,0,1,0,26,7,0,0,0,0,0,0,1,1,0,0,1,0,0,0,0,1,0,0,0,233,6,0,239
270,199M,4,0,128,124,0,3,0,25,36,0,0,0,0,0,0,0,0,0,0,0,0,0,0,0,0,0,0,0,320,3,0,323
271,199A(W),7,0,126,127,0,4,0,30,14,0,0,0,0,0,0,0,0,0,0,0,0,0,0,0,1,0,0,0,309,9,0,318
272,200,3,0,168,258,0,0,0,45,19,1,3,0,0,0,0,1,0,1,0,1,0,0,0,0,0,0,1,0,501,11,0,512
273,201M,3,1,156,161,0,1,0,22,19,0,0,0,0,0,0,0,0,1,1,0,0,0,0,0,0,1,0,0,366,1,0,367
274,201A(W),1,1,171,158,2,0,0,20,7,1,1,0,0,1,1,2,0,0,1,2,0,0,0,0,0,0,0,1,370,1,0,371
275,202,4,1,132,138,0,1,0,18,17,0,1,0,0,0,0,0,0,0,0,0,0,0,0,0,0,0,0,0,312,3,0,315
276,203M,7,0,178,227,1,1,1,10,35,0,0,0,1,0,0,0,0,0,0,0,0,0,0,0,0,0,0,0,461,4,0,465
277,203A(W),4,0,154,246,1,1,0,18,22,1,2,0,1,0,0,1,0,0,0,1,0,0,0,0,0,0,0,0,452,5,0,457
278,204M,3,0,142,174,1,0,0,18,22,0,0,0,0,0,0,0,0,4,1,1,0,0,0,0,0,0,0,0,366,3,0,369
279,204A(W),2,0,132,194,0,1,0,15,15,0,0,0,0,1,0,0,0,3,1,1,0,0,1,1,0,0,0,0,367,7,0,374
280,205,11,0,233,346,1,2,0,23,38,0,3,0,1,3,0,1,0,1,0,1,0,0,0,1,0,0,0,1,666,4,0,670
281,206,8,0,233,315,0,2,0,38,35,0,1,0,0,0,0,0,0,3,0,0,0,0,0,1,0,0,1,1,638,5,0,643
282,207,4,0,245,326,1,10,0,37,42,0,1,0,2,1,2,1,0,0,1,1,0,1,0,0,0,0,0,0,675,7,0,682
283,208,11,0,423,128,1,1,1,13,23,0,0,0,0,0,0,0,0,1,1,0,0,0,0,0,0,0,0,0,603,3,0,606
284,209M,2,0,297,63,0,1,0,6,22,0,0,0,0,0,0,0,0,1,0,1,0,0,0,0,0,0,0,0,393,2,0,395
285,209A(W),1,0,273,62,0,0,0,8,13,0,0,0,0,0,0,0,0,0,5,0,0,0,0,0,0,0,0,0,362,0,0,362
286,210M,2,0,190,119,0,1,0,17,21,0,0,0,0,0,0,0,0,1,1,0,0,0,0,0,0,0,0,0,352,2,0,354
287,210A(W),3,0,203,115,0,1,0,13,14,0,0,0,1,1,0,0,0,0,0,0,1,0,0,0,0,1,1,0,354,0,0,354
288,211M,8,2,229,100,0,1,0,21,46,0,0,0,0,0,0,0,0,0,1,0,0,0,0,0,0,0,0,0,408,3,0,411
289,211A(W),5,2,269,104,0,0,1,25,22,0,0,0,0,0,0,0,0,1,5,1,0,0,0,0,1,0,0,0,436,6,0,442
290,212M,8,1,209,131,0,1,0,21,27,0,0,0,0,0,0,0,0,0,0,0,0,0,0,0,0,0,0,0,398,8,0,406
291,212A(W),5,1,186,140,0,1,0,31,17,0,0,0,0,0,0,0,0,1,0,1,0,0,0,0,0,0,2,0,385,2,0,387
292,213M,1,0,99,124,2,0,0,43,24,0,0,0,0,0,0,0,1,1,0,1,0,0,0,1,0,0,0,0,297,2,0,299
293,213A(W),4,0,100,97,1,3,0,53,12,0,0,0,0,0,0,0,0,0,0,0,0,0,0,1,0,0,0,0,271,3,0,274
294,214,10,0,239,345,0,4,0,39,25,0,3,0,1,6,0,0,0,0,0,1,1,0,0,1,0,0,0,0,675,8,0,683
295,215,4,2,289,289,0,0,1,18,37,0,1,0,0,0,0,0,0,1,1,3,2,0,0,0,0,0,1,0,649,3,0,652
296,216,1,1,295,312,0,1,1,28,37,0,3,0,1,0,0,0,1,1,0,0,0,0,0,0,0,0,1,1,684,1,0,685
297,217M,2,0,191,130,0,0,0,22,39,0,0,2,0,0,0,0,0,0,0,0,0,0,1,0,1,0,0,0,388,5,0,393
298,217A(W),4,1,187,139,1,0,0,15,23,0,0,0,0,0,1,1,0,0,1,0,0,0,0,0,1,0,2,0,376,2,0,378
299,218,2,2,265,99,0,0,0,36,40,1,0,0,0,0,0,0,0,1,0,0,0,0,0,0,1,1,0,0,448,5,0,453
300,219M,8,1,279,91,0,1,0,18,41,0,2,0,1,0,0,0,0,1,1,1,0,0,0,0,1,0,0,0,446,3,0,449
301,219A(W),9,1,318,105,2,0,0,16,23,1,0,0,0,0,0,0,1,1,2,0,0,0,0,0,0,0,0,0,479,1,0,480
302,220,3,1,130,271,0,2,0,3,10,0,1,0,0,0,0,0,0,0,0,0,0,0,0,0,0,0,0,0,421,1,0,422
303,221M,9,2,370,96,0,0,0,14,41,0,0,0,0,1,0,0,0,1,0,0,0,0,0,0,4,0,0,0,538,2,0,540
304,221A(W),1,0,344,154,0,2,0,11,25,0,1,0,0,0,1,1,0,0,0,0,0,0,0,0,2,0,2,0,544,4,0,548
305,222,13,0,283,311,1,4,0,9,39,0,3,0,0,0,0,1,0,1,1,0,0,0,0,0,0,0,0,0,666,2,0,668
306,223,11,1,188,253,1,0,0,11,16,0,1,1,2,0,1,0,2,0,1,0,1,0,0,0,0,0,0,0,490,7,0,497
307,224M,10,0,231,303,2,1,0,8,22,0,4,0,0,0,0,0,0,1,2,0,0,0,0,0,0,1,0,0,585,3,0,588
308,224A(W),4,1,211,324,2,3,0,3,16,1,5,1,1,0,0,0,0,0,1,1,1,0,0,0,0,1,1,1,578,4,0,582
309,225M,12,3,193,273,0,3,0,11,29,0,1,0,0,0,0,0,0,0,0,0,0,0,1,0,0,1,0,0,527,3,0,530
310,225A(W),10,2,168,321,1,1,0,3,14,2,1,0,1,1,0,1,0,4,0,1,0,0,1,0,0,1,1,1,535,1,0,536
311,226,9,1,228,330,1,1,0,14,21,1,3,1,1,0,0,1,0,0,0,1,0,0,0,0,0,0,0,0,613,6,0,619
312,227,12,2,301,383,1,2,0,13,44,2,4,0,0,5,0,0,4,0,0,1,2,0,0,0,1,0,0,2,779,6,0,785
313,228M,9,0,164,259,1,1,0,24,32,0,0,0,0,0,0,0,0,0,0,0,0,0,1,0,0,2,0,1,494,3,0,497
314,228A(W),12,0,160,238,3,2,1,19,24,0,1,0,0,2,0,3,0,0,1,0,0,1,2,0,0,0,0,0,469,6,0,475
315,229M,7,0,245,271,0,2,0,11,19,0,1,0,0,0,0,1,0,2,0,1,0,0,0,0,0,0,1,0,561,7,0,568
316,229A(W),4,2,203,286,3,1,1,7,14,0,6,1,2,1,0,2,0,0,1,0,0,0,0,0,0,0,0,1,535,5,0,540
317,230M,10,0,237,247,2,1,0,21,50,0,0,0,2,0,0,0,0,0,0,1,0,0,0,0,1,0,0,1,573,0,0,573
318,230A(W),2,0,269,252,1,0,0,14,28,1,1,0,0,0,0,0,0,0,0,0,0,0,0,0,1,0,0,0,569,2,0,571
319,231M,9,0,227,138,1,1,0,6,68,3,0,0,0,0,0,1,0,0,0,1,1,0,0,1,0,0,1,0,458,4,0,462
320,231A(W),5,2,282,143,2,3,3,12,34,6,2,2,2,2,2,2,2,2,2,3,3,1,1,1,1,1,1,1,523,2,0,525
321,232M,2,0,159,292,0,1,0,7,32,0,0,1,0,0,0,0,0,0,7,0,0,0,0,0,0,0,0,0,501,6,0,507
322,232A(W),2,0,116,301,2,5,0,11,17,0,2,0,1,1,0,0,0,0,7,0,0,0,0,0,1,1,1,0,468,1,0,469
323,233,5,0,187,395,3,2,0,0,12,1,2,0,2,1,0,1,1,0,2,1,0,0,0,0,0,1,0,1,617,2,0,619
324,234,11,1,267,518,1,7,0,9,19,1,3,0,0,1,1,1,0,2,2,0,0,0,0,0,0,0,2,0,846,9,0,855
325,235M,0,1,180,270,1,0,0,9,16,0,0,0,0,0,0,0,0,0,1,2,0,0,0,0,0,0,0,0,480,4,0,484
326,235A(W),0,0,179,299,1,0,1,12,4,0,1,0,1,0,0,0,0,1,0,1,0,0,0,1,0,1,2,0,504,3,0,507
327,236M,3,0,169,254,0,4,0,3,20,0,0,0,0,2,0,0,0,0,1,1,0,0,0,0,0,0,1,0,458,2,0,460
328,236A(W),3,0,154,247,1,0,0,8,8,0,5,0,1,0,0,1,0,1,0,0,1,0,0,0,0,0,2,0,432,2,0,434
329,237,0,0,218,272,0,1,0,12,37,1,3,1,0,0,0,1,0,0,0,0,0,0,0,0,0,0,0,2,548,3,0,551
330,238M,4,2,194,210,0,1,0,12,58,0,1,0,0,0,0,0,0,2,0,1,0,0,1,1,0,0,0,0,487,5,0,492
331,238A(W),0,3,202,264,2,0,0,7,36,1,4,0,1,0,0,0,0,1,1,0,1,0,1,1,0,0,0,0,525,3,0,528
332,239M,5,0,198,250,0,1,0,1,8,0,0,0,1,0,0,0,0,1,1,1,1,0,0,0,0,0,0,0,468,1,0,469
333,239A(W),7,1,154,277,1,3,1,2,4,0,4,0,0,1,0,2,0,1,0,1,0,0,0,0,1,1,0,1,462,0,0,462
334,240,4,0,262,487,3,4,0,5,3,2,2,1,2,0,0,0,0,0,0,1,1,0,0,0,0,2,0,0,779,1,0,780
335,241,5,1,290,248,0,0,0,8,15,0,1,0,1,3,1,4,0,0,2,0,0,0,0,0,1,0,0,0,580,6,0,586
336,242M,7,1,239,278,2,0,0,6,26,0,1,0,0,0,0,1,0,0,0,0,0,0,0,0,0,0,0,0,561,1,0,562
337,242A(W),2,0,212,269,3,2,0,2,9,1,7,1,3,1,1,2,1,1,0,0,0,0,0,0,0,1,0,1,519,1,0,520
338,243M,0,0,233,277,2,1,0,5,36,0,1,0,0,0,0,0,0,0,0,1,0,0,0,0,0,0,1,0,557,4,0,561
339,243A(W),2,0,218,271,1,2,0,1,18,0,4,0,2,1,0,0,0,0,0,2,0,0,0,0,0,0,0,0,522,2,0,524
340,244M,0,0,0,0,0,0,0,0,0,0,0,0,0,0,0,0,0,0,0,0,0,0,0,0,0,0,0,0,0,0,0,0
341,244A(W),1,1,353,130,1,0,1,10,23,3,0,0,3,2,0,0,1,0,2,2,2,0,0,1,0,1,1,0,538,3,0,541
342,245,9,2,221,299,1,0,0,12,47,0,0,0,2,0,0,0,0,0,2,2,1,0,1,0,0,1,0,1,601,3,0,604
343,246M,7,3,216,289,0,0,1,10,49,0,0,1,1,0,1,0,0,1,2,1,0,0,0,0,0,0,0,0,582,4,0,586
344,246A(W),0,1,165,346,0,0,0,8,11,0,7,1,0,0,0,2,0,2,1,0,0,0,0,0,1,2,0,2,549,2,0,551
345,247M,10,0,158,214,1,0,0,13,46,0,0,0,0,0,0,0,1,0,0,0,0,0,0,0,0,1,0,0,444,7,0,451
346,247A(W),5,0,146,236,1,2,0,12,23,1,2,0,0,0,0,0,0,0,0,0,0,0,0,0,0,0,0,0,428,5,0,433
347,248M,5,0,109,255,0,0,0,11,28,0,2,0,0,0,0,0,0,1,0,0,0,0,0,0,1,0,0,0,412,4,0,416
348,248A(W),2,1,118,249,0,1,0,10,16,0,0,1,1,0,0,0,0,0,0,0,0,0,0,0,0,0,0,0,399,3,0,402
349,249,8,0,206,335,0,0,0,10,35,0,2,0,2,1,0,0,0,0,1,1,0,0,0,0,0,0,0,1,602,2,0,604
350,250M,3,1,175,357,1,0,0,9,31,0,1,0,0,0,0,0,0,0,0,0,0,0,0,1,0,0,0,0,579,8,0,587
351,250A(W),1,2,145,383,0,0,0,6,8,0,0,0,0,0,0,1,0,0,1,0,0,0,0,0,0,0,2,0,549,4,0,553
352,251M,7,0,298,93,1,0,0,25,41,1,0,0,0,2,0,0,0,0,2,0,0,0,0,0,0,1,0,0,471,3,0,474
353,251A(W),2,1,296,132,2,1,0,12,26,1,5,0,0,2,2,0,1,1,0,1,0,0,0,1,0,1,1,0,488,5,0,493
354,252M,9,0,173,257,0,0,0,3,14,0,0,0,0,0,0,0,0,0,0,0,0,0,0,0,0,0,2,1,459,0,0,459
355,252A(W),8,0,163,283,0,0,0,4,5,0,4,0,0,1,1,0,0,1,0,0,0,0,0,0,0,1,0,1,472,1,0,473
356,253M,19,1,109,319,0,1,0,8,12,0,1,1,0,0,0,0,0,0,0,0,0,1,0,0,0,0,0,2,474,2,0,476
357,253A(W),12,1,84,310,2,5,0,6,3,0,1,1,1,3,0,1,3,1,1,1,1,0,0,0,0,1,1,0,439,1,0,440
358,254M,8,0,204,171,0,0,0,24,34,0,0,0,0,0,0,1,0,0,0,1,0,0,0,0,0,0,0,1,444,7,0,451
359,254A(W),3,3,215,171,0,1,0,13,20,1,3,0,3,2,0,3,1,0,1,1,0,0,0,1,0,2,0,1,445,3,0,448
360,255,3,0,202,223,1,1,1,49,32,0,0,0,0,0,0,0,0,4,0,0,0,0,0,1,0,0,0,0,517,2,0,519
361,256M,4,2,141,161,0,0,0,22,13,0,1,0,0,0,0,0,0,0,0,0,0,0,0,0,0,0,0,4,348,3,0,351
362,256A(W),3,0,146,171,2,0,0,21,8,1,1,0,0,0,0,0,1,2,1,0,0,0,0,0,1,0,0,2,360,2,0,362
363,257M,3,1,183,120,0,1,0,32,22,0,0,0,0,0,0,0,0,0,0,0,0,0,0,0,0,0,0,0,362,6,0,368
364,257A(W),2,0,195,108,1,0,0,40,16,0,0,0,0,0,0,0,1,0,0,0,0,0,0,0,0,0,0,0,363,3,0,366
365,258M,1,0,180,125,0,0,1,52,24,0,1,0,0,0,0,1,0,0,1,0,1,0,0,0,0,0,0,0,387,3,0,390
366,258A(W),1,0,152,105,0,0,0,56,15,0,1,0,0,0,0,0,0,0,0,0,3,0,0,0,0,0,1,0,334,3,0,337
367,259,5,2,255,285,0,1,0,42,35,1,2,0,1,0,0,0,0,0,1,4,0,0,0,2,0,0,0,0,636,3,0,639
368,260,7,1,245,297,0,0,0,17,26,0,2,0,0,0,0,0,0,0,0,1,0,0,0,0,1,0,2,0,599,3,0,602
369,261,6,0,312,124,0,0,1,23,16,0,0,0,1,0,0,0,0,0,0,0,0,0,0,0,0,0,0,0,483,1,0,484
370,262M,5,0,173,166,0,1,1,11,23,0,0,0,0,0,0,0,0,0,0,1,0,0,0,0,0,0,0,0,381,1,0,382
371,262A(W),1,0,166,153,0,0,1,23,11,1,1,0,0,0,0,1,0,0,0,1,1,0,0,0,0,1,0,0,361,2,0,363
372,263M,5,0,136,191,0,1,1,19,30,0,0,0,0,0,0,0,0,0,1,1,3,0,0,0,0,0,0,0,388,3,0,391
373,263A(W),2,0,150,190,1,1,0,13,14,0,0,0,0,1,0,0,0,0,0,0,0,0,0,0,0,1,0,0,373,3,0,376
374,264,2,1,237,208,1,1,0,33,18,0,3,0,0,0,0,0,1,1,0,0,2,0,0,1,0,1,0,0,510,5,0,515
375,265,7,0,355,294,1,0,0,23,21,1,1,0,0,0,0,0,0,0,0,1,0,0,0,0,0,0,0,0,704,2,0,706
376,266M,6,1,168,133,2,1,0,15,24,0,0,0,1,2,0,0,0,0,0,0,0,0,0,0,0,0,0,0,353,1,0,354
377,266A(W),4,0,157,131,0,1,0,22,10,0,0,0,0,0,0,1,0,0,1,2,0,0,0,0,1,0,1,0,331,2,0,333
378,267,13,0,155,352,1,2,0,17,39,0,1,0,0,0,0,1,0,1,0,0,0,0,0,0,0,0,0,0,582,5,0,587
379,268,35,0,329,312,0,2,0,23,35,0,3,0,0,0,0,1,0,0,1,2,2,0,0,0,1,0,1,1,748,7,0,755
380,269,19,1,265,228,0,2,0,77,25,0,0,0,1,0,0,0,0,3,0,1,1,0,0,0,0,0,1,1,625,6,0,631
381,270,8,0,262,259,0,4,1,52,31,0,0,0,0,0,0,0,0,1,0,2,0,0,0,1,0,0,2,0,623,2,0,625
382,271M,7,0,116,125,0,1,0,29,16,1,0,0,0,0,0,0,0,0,1,0,0,0,0,0,1,0,0,0,297,3,0,300
383,271A(W),3,0,118,139,0,0,0,23,9,1,0,0,0,1,0,0,0,0,1,1,0,1,0,0,1,0,0,1,299,6,0,305
384,272,10,3,191,374,1,3,1,19,43,1,4,1,1,0,0,1,0,1,1,5,1,2,0,2,0,1,0,1,667,1,0,668
385,273M,3,1,141,164,0,7,1,22,19,0,1,0,0,0,0,1,0,0,0,1,0,0,0,0,0,0,0,0,361,2,0,363
386,273A(W),4,0,132,208,0,6,0,18,8,0,0,0,0,0,0,0,1,0,1,1,1,0,0,0,0,0,1,0,381,1,0,382
387,274,13,1,216,371,2,2,0,19,39,1,2,0,2,0,0,0,0,1,1,1,0,0,0,0,0,1,0,0,672,4,0,676
388,275,9,1,215,376,6,2,0,29,31,0,2,0,0,1,1,0,2,1,3,4,0,0,0,0,0,0,2,4,689,5,0,694
389,276M,5,0,169,171,0,2,0,36,34,0,1,0,1,0,0,0,0,1,1,0,0,0,0,0,0,1,0,0,422,7,0,429
390,276A(W),4,1,163,159,1,2,1,41,18,0,0,0,0,0,0,1,0,0,0,0,0,0,0,0,0,0,0,0,391,4,0,395
391,277M,4,1,134,146,0,2,0,26,15,0,0,0,0,0,0,0,0,0,0,0,0,0,0,1,0,0,0,0,329,7,0,336
392,277A(W),3,1,124,125,1,3,0,30,15,1,2,0,0,0,0,1,0,1,0,0,0,1,0,0,1,0,0,0,309,4,0,313
393,278M,2,1,92,128,1,1,0,34,10,1,0,0,0,0,0,0,0,0,0,0,0,0,0,1,1,1,0,0,273,6,0,279
394,278A(W),2,0,93,116,0,3,0,42,21,0,1,0,1,0,0,0,0,1,0,0,0,0,0,0,0,0,0,0,280,4,0,284
395,279,3,1,204,281,1,1,0,33,44,0,6,0,1,0,0,0,0,0,0,1,0,0,0,1,0,0,0,0,577,11,0,588
396,280,9,2,251,417,1,2,1,9,35,0,2,0,2,0,0,1,0,2,1,2,1,0,0,0,0,0,1,0,739,5,0,744
397,281M,3,0,181,147,0,1,3,32,33,0,0,0,0,0,0,0,0,0,0,0,0,0,0,0,0,0,0,0,400,5,0,405
398,281A(W),4,0,169,137,0,1,2,41,30,0,2,0,0,0,0,1,2,0,0,2,0,0,0,0,0,0,0,0,391,4,0,395
399,282M,11,1,119,282,2,1,0,11,20,0,1,0,0,0,0,0,0,1,0,1,0,0,0,0,0,0,0,0,450,4,0,454
400,282A(W),9,0,108,319,1,0,1,9,11,0,1,0,0,0,0,1,2,1,0,1,1,2,0,0,1,0,0,1,469,4,0,473
401,283M,0,0,0,0,0,0,0,0,0,0,0,0,0,0,0,0,0,0,0,0,0,0,0,0,0,0,0,0,0,0,0,0
402,283A(W),4,0,217,275,0,0,0,6,24,2,2,0,2,1,2,2,0,0,2,0,0,0,0,0,0,2,0,0,541,7,0,548
403,284M,5,4,237,135,0,1,1,13,51,1,1,0,0,1,0,0,1,0,0,1,0,0,0,0,0,0,0,0,452,3,0,455
404,284A(W),9,1,264,123,1,0,3,14,27,1,5,0,0,1,0,2,1,2,1,2,1,0,0,2,0,0,1,0,461,4,0,465
405,285M,9,0,149,275,0,1,0,6,28,0,1,0,0,0,0,0,0,0,0,0,0,0,0,0,0,0,2,0,471,2,0,473
406,285A(W),5,0,117,302,3,2,0,13,11,0,1,2,0,1,0,0,1,0,0,2,0,0,0,0,0,0,1,0,461,0,0,461
407,286,3,1,255,316,0,0,0,57,52,0,5,0,3,0,1,1,0,0,0,0,0,0,0,0,0,0,0,0,694,7,0,701
408,287M,5,0,163,186,0,6,0,18,24,1,0,0,0,0,0,0,0,1,0,0,0,0,0,0,0,0,0,0,404,2,0,406
409,287A(W),3,1,132,222,0,6,1,24,11,0,4,1,0,0,0,2,2,1,1,0,1,1,0,0,0,1,1,1,416,3,0,419
410,288M,4,1,137,139,0,9,0,25,32,0,0,0,0,0,1,0,0,0,0,0,0,0,0,0,0,0,0,0,348,5,0,353
411,288A(W),2,0,101,169,2,4,0,20,18,0,0,0,0,0,0,0,0,0,0,1,1,0,0,0,1,0,0,0,319,2,0,321
412,289M,3,1,200,170,0,0,0,27,35,0,0,0,0,0,0,1,0,0,0,0,0,0,0,2,0,0,0,0,439,4,0,443
413,289A(W),1,1,156,235,1,1,0,27,14,1,0,1,0,0,0,1,0,0,0,0,0,0,0,0,0,0,0,0,439,1,0,440
414,290,2,0,244,241,1,3,0,32,24,0,2,0,1,0,0,0,0,0,0,1,0,0,0,2,1,0,0,0,554,3,0,557
415,291M,4,2,111,225,1,0,0,11,16,0,2,0,1,1,0,0,0,0,0,0,0,0,0,1,0,0,1,0,376,3,0,379
416,291A(W),2,0,88,278,0,0,0,9,7,1,5,2,1,0,0,1,0,1,1,3,2,0,0,0,0,0,1,1,403,2,0,405
417,292,11,0,172,393,2,2,1,9,24,1,5,1,1,0,0,0,0,0,1,2,0,0,0,0,0,0,0,0,625,6,0,631
418,293M,6,0,147,158,0,0,0,20,28,0,0,1,0,0,0,0,0,0,0,1,0,0,0,1,0,0,0,0,362,4,0,366
419,293A(W),4,1,137,182,2,4,1,18,13,0,0,3,1,1,0,0,1,0,1,0,0,0,0,0,0,0,0,0,369,4,0,373
420,294M,6,1,139,294,1,0,0,21,26,1,0,0,0,0,0,0,0,0,0,0,0,1,0,2,0,0,0,0,492,5,0,497
421,294A(W),3,0,122,323,3,1,0,9,14,0,0,1,2,1,0,2,1,1,0,9,1,0,0,1,0,0,0,0,494,3,0,497
422,295M,3,0,116,114,1,2,0,16,22,0,0,0,1,0,0,0,0,0,0,0,0,0,0,0,0,0,0,0,275,4,0,279
423,295A(W),2,1,132,108,1,1,1,9,12,0,1,0,0,1,0,0,0,0,0,0,0,0,0,0,0,0,0,0,269,0,0,269
