Sl. No,Polling Station No,K VIJAYA Samaj Party Bahujan,ARULMOZHIDEVA .P N Makkal Thannurimai Katchi Tamilaga,R RAMKUMAR Jananayaga Katchi Indiya,K SILAMBARASI Katchi Tamilar Naam,P CHINNUSAMY Of Party India Ganasangam,M JAYANTHI of party India Ambedkarite,P SEERANGAN Independent,S PALANIVEL Independent,S POONGODI Independent,A MANIVANNAN Independent,D MADHIYAZHAGAN Independent,M MUNIYAPPAN Independent,Total Valid Votes,Rejected Votes,NOTA,Total Votes,Tendered Votes
1,,2,3,4,5,6,7,8,9,10,11,12,13,14,15,16,17,18,19,20,21
1,1M,209,237,1,0,3,0,35,0,0,0,0,0,0,0,2,487,0,7,494,0
2,1A(W),249,181,1,1,3,1,6,1,0,1,0,1,0,0,1,446,0,5,451,0
3,2,431,377,2,3,6,4,33,1,0,1,0,0,0,2,1,861,0,3,864,0
4,3M,284,215,1,0,5,0,25,0,0,1,0,0,0,0,1,532,0,3,535,0
5,3A(W),313,166,2,0,5,0,2,0,0,0,0,2,1,1,2,494,0,6,500,0
6,4,249,216,2,1,4,0,22,0,2,1,1,1,1,1,1,502,0,4,506,0
7,5,356,226,2,0,0,1,35,0,1,0,0,0,0,0,0,621,0,7,628,0
8,6,309,322,0,0,0,1,40,0,0,0,0,1,1,0,4,678,0,6,684,0
9,7,457,289,0,1,6,1,33,1,0,0,0,0,0,1,1,790,0,6,796,0
10,8,493,255,2,2,3,0,33,1,0,0,0,0,0,0,1,790,0,6,796,0
11,9M,248,237,0,0,5,1,33,0,1,0,0,0,0,0,0,525,0,7,532,0
12,9A(W),255,238,1,0,1,0,19,0,0,0,0,0,0,1,2,517,0,7,524,0
13,10,235,251,0,0,3,3,30,2,0,0,1,0,0,0,1,526,0,5,531,0
14,11,345,229,1,1,2,3,33,1,0,1,2,0,0,1,2,621,0,9,630,0
15,12,359,361,1,0,0,2,34,0,0,0,2,2,0,0,1,762,0,3,765,0
16,13,365,298,1,0,2,0,58,1,1,0,0,0,0,1,2,729,0,4,733,0
17,14,416,311,2,0,0,2,39,0,1,0,0,0,0,0,4,775,0,10,785,0
18,15,362,353,3,2,8,0,62,0,0,0,1,1,1,1,2,796,0,6,802,0
19,16,147,150,0,0,6,0,11,0,0,0,0,0,0,0,1,315,0,1,316,0
20,17M,244,232,0,0,2,0,48,0,0,0,0,0,0,0,1,527,0,1,528,0
21,17A(W),258,235,0,1,0,0,24,0,0,1,1,0,0,0,2,522,0,2,524,0
22,18,293,250,0,1,9,0,13,0,0,0,0,1,0,1,1,569,0,5,574,0
23,19,286,310,5,0,9,0,9,1,2,0,1,2,2,1,7,635,0,14,649,0
24,20,67,168,2,1,4,0,0,0,0,0,0,0,1,0,2,245,0,1,246,0
25,21,320,369,0,0,1,5,50,0,1,0,0,1,1,0,1,749,0,4,753,0
26,22,237,123,0,0,2,6,19,0,0,0,0,0,0,0,1,388,0,2,390,0
27,23M,154,227,0,1,0,10,36,0,0,0,0,0,1,0,0,429,0,9,438,0
28,23A(W),188,234,2,0,1,4,18,0,0,0,0,0,0,0,0,447,0,2,449,0
29,24M,180,272,2,0,6,2,51,0,0,0,1,0,0,0,0,514,0,4,518,0
30,24A(W),218,282,1,0,3,4,16,0,0,0,0,0,0,0,2,526,0,2,528,0
31,25,202,394,2,0,0,5,24,0,0,0,1,0,0,0,1,629,0,7,636,0
32,26,275,295,1,0,1,11,34,1,0,0,0,0,0,0,0,618,0,8,626,0
33,27M,189,220,0,0,3,5,23,0,0,1,0,0,0,0,1,442,0,1,443,0
34,27A(W),243,220,0,0,0,5,16,0,1,0,0,1,0,1,4,491,0,1,492,0
35,28,357,355,0,2,0,0,33,0,0,1,1,0,0,0,1,750,0,6,756,0
36,29,194,310,0,0,0,1,31,1,0,1,0,0,0,0,6,544,0,3,547,0
37,30,194,188,2,0,3,0,12,0,0,0,1,0,0,0,0,400,0,6,406,0
38,31,330,292,0,3,0,1,45,0,0,0,2,0,0,2,1,676,0,6,682,0
39,32M,185,238,1,0,3,1,63,0,1,0,1,0,0,0,1,494,0,8,502,0
40,32A(W),181,284,1,0,2,0,21,1,1,1,0,0,0,1,2,495,0,8,503,0
41,33M,229,262,0,0,4,1,47,0,0,0,1,0,0,0,2,546,0,5,551,0
42,33A(W),267,218,0,0,1,3,28,1,1,0,0,0,0,1,3,523,0,10,533,0
43,34M,174,282,0,0,11,2,59,0,2,1,0,0,0,0,0,531,0,8,539,0
44,34A(W),267,280,0,0,1,5,29,0,1,0,2,0,0,1,2,588,0,6,594,0
45,35,318,416,0,0,9,3,59,2,1,0,1,1,1,2,0,813,0,8,821,0
46,36M,188,220,0,2,5,3,38,0,0,0,0,0,1,0,0,457,0,3,460,0
47,36A(W),215,244,1,0,1,3,13,1,1,0,0,0,0,0,1,480,0,7,487,0
48,37M,259,247,3,1,5,0,36,1,0,0,0,0,0,1,1,554,0,4,558,0
49,37A(W),301,209,0,1,0,3,18,1,0,0,0,0,0,4,12,549,0,7,556,0
50,38,359,294,2,1,2,6,42,1,0,0,0,1,1,1,1,711,0,6,717,0
51,39,175,227,0,0,3,2,33,0,0,1,1,0,0,0,0,442,0,5,447,0
52,40M,259,180,0,0,3,1,43,1,1,0,0,0,0,0,0,488,0,3,491,0
53,40A(W),295,167,2,0,1,1,10,0,0,0,2,0,0,0,0,478,0,3,481,0
54,41,310,300,0,0,10,4,37,0,1,0,0,0,0,0,0,662,0,9,671,0
55,42,233,194,2,1,1,0,33,0,2,0,1,0,1,0,0,468,0,2,470,0
56,43,400,332,0,0,5,3,46,1,1,0,0,1,0,0,2,791,0,11,802,0
57,44M,200,214,0,0,3,1,45,0,0,1,1,0,0,0,1,466,0,2,468,0
58,44A(W),233,213,1,0,0,1,23,1,0,0,0,0,0,0,3,475,0,5,480,0
59,45M,238,250,0,0,3,2,75,0,0,0,0,0,0,0,0,568,0,3,571,0
60,45A(W),296,228,0,0,0,2,34,0,0,0,1,1,0,0,2,564,0,7,571,0
61,46,321,420,0,0,4,9,34,1,2,0,0,0,2,1,4,798,0,14,812,0
62,47M,203,192,0,0,2,1,54,1,0,1,1,0,0,0,0,455,0,5,460,0
63,47A(W),241,185,1,0,1,4,18,0,0,1,0,1,1,0,1,454,0,6,460,0
64,48,258,334,3,0,0,1,39,1,0,1,1,0,0,0,2,640,0,7,647,0
65,49,357,370,0,1,11,5,72,1,0,0,0,0,1,0,1,819,0,12,831,0
66,50,311,333,2,2,2,6,42,0,2,1,0,1,0,0,1,703,0,6,709,0
67,51,204,373,0,0,4,3,42,0,0,0,0,0,0,0,1,627,0,3,630,0
68,52,303,457,2,0,6,2,55,1,1,0,0,0,0,0,0,827,0,19,846,0
69,53M,166,304,0,0,4,4,75,0,0,0,1,1,0,0,0,555,0,3,558,0
70,53A(W),249,269,1,0,5,1,30,1,0,0,1,1,0,0,4,562,0,5,567,0
71,54,376,337,1,0,2,1,55,1,0,0,1,0,2,1,1,778,0,4,782,0
72,55M,183,231,0,0,1,0,34,0,1,0,0,1,0,0,0,451,0,9,460,0
73,55A(W),210,192,0,0,1,2,19,0,0,0,0,0,0,0,0,424,0,7,431,0
74,56M,277,235,1,0,2,1,49,1,0,1,0,0,0,0,0,567,0,6,573,0
75,56A(W),306,207,2,3,0,2,26,1,0,0,0,0,0,0,0,547,0,4,551,0
76,57,424,297,0,0,0,1,49,2,1,0,2,1,0,0,0,777,0,13,790,0
77,58,207,191,0,0,1,0,12,0,0,0,2,0,0,0,1,414,0,4,418,0
78,59M,241,234,0,0,6,1,37,0,0,1,1,0,1,0,1,523,0,2,525,0
79,59A(W),286,205,1,0,4,0,22,1,0,1,0,0,0,0,0,520,0,4,524,0
80,60,364,296,1,1,7,0,41,0,0,0,1,0,0,0,1,712,0,1,713,0
81,61M,226,215,0,0,2,1,26,0,0,0,0,0,1,0,1,472,0,5,477,0
82,61A(W),267,202,2,0,0,1,16,0,1,0,2,0,0,1,0,492,0,4,496,0
83,62,379,431,2,1,2,3,60,1,0,0,1,1,0,1,5,887,0,6,893,0
84,63M,211,187,0,0,7,2,45,0,1,0,0,0,0,0,1,454,0,4,458,0
85,63A(W),234,195,1,1,6,0,21,0,0,0,1,0,0,0,0,459,0,2,461,0
86,64,332,238,2,1,4,3,67,1,1,0,0,0,0,0,1,650,0,9,659,0
87,65,367,355,2,2,2,1,52,1,1,0,1,0,0,2,2,788,0,6,794,0
88,66,268,313,2,0,1,0,29,0,0,0,0,0,0,0,0,613,0,2,615,0
89,67,375,308,1,0,2,2,37,0,0,0,0,0,0,1,2,728,0,7,735,0
90,68,233,310,1,2,1,3,31,0,1,1,0,0,0,1,1,585,0,12,597,0
91,69,303,325,3,1,1,2,33,0,0,0,0,0,1,2,5,676,0,7,683,0
92,70,169,252,0,1,4,0,26,1,0,0,1,0,0,0,3,457,0,6,463,0
93,71,368,303,1,0,2,1,33,0,0,0,0,0,0,0,1,709,0,3,712,0
94,72,297,433,1,0,5,5,40,0,0,0,0,1,0,0,3,785,0,10,795,0
95,73,363,221,3,2,6,1,16,1,1,0,0,0,0,0,4,618,0,11,629,0
96,74,276,266,2,1,2,0,32,0,0,0,1,0,0,0,7,587,0,3,590,0
97,75,322,203,0,0,9,3,15,1,0,0,1,0,0,0,1,555,0,4,559,0
98,76,376,395,2,1,1,2,41,0,1,0,1,4,4,0,7,835,0,21,856,0
99,77,463,338,1,1,7,1,26,0,1,0,0,0,0,0,0,838,0,3,841,0
100,78,254,334,1,1,2,3,40,0,1,0,1,0,0,0,1,638,0,7,645,0
101,79,131,217,0,1,3,1,24,0,0,0,1,0,0,0,0,378,0,4,382,0
102,80,405,404,1,0,6,6,28,1,0,0,2,1,0,0,5,859,0,11,870,0
103,81M,225,254,1,0,4,6,20,1,0,1,0,0,0,0,0,512,0,3,515,0
104,81A(W),241,220,0,3,2,14,13,0,1,0,1,0,2,1,1,499,0,4,503,0
105,82M,144,307,0,0,3,8,38,3,0,0,1,0,0,0,2,506,0,2,508,0
106,82A(W),198,291,1,0,3,5,16,2,0,0,1,1,0,0,2,520,0,6,526,0
107,83,280,460,3,0,1,16,34,1,1,0,1,0,1,0,2,800,0,4,804,0
108,84,178,276,0,3,3,5,37,0,0,0,0,0,0,0,1,503,0,4,507,0
109,85M,160,289,0,0,4,3,47,0,0,0,0,0,0,0,0,503,0,0,503,0
110,85A(W),196,313,1,1,2,2,21,0,0,0,0,1,0,0,0,537,0,3,540,0
111,86M,159,266,2,1,4,4,50,1,0,0,0,0,1,0,2,490,0,2,492,0
112,86A(W),174,249,2,2,0,0,24,0,0,0,0,1,0,0,3,455,0,11,466,0
113,87,304,424,1,2,3,28,36,1,1,0,3,0,0,0,2,805,0,11,816,0
114,88,252,211,1,0,3,1,35,0,1,0,1,0,0,0,0,505,0,7,512,0
115,89,286,234,1,1,3,13,21,0,1,0,1,0,0,1,2,564,0,11,575,0
116,90,347,250,0,0,3,1,19,0,1,0,0,0,0,0,2,623,0,10,633,0
117,91,283,364,1,1,3,5,24,1,0,0,0,0,0,0,0,682,0,5,687,0
118,92,187,210,1,0,2,1,12,0,1,0,0,0,0,0,1,415,0,9,424,0
119,93,344,321,2,0,35,10,39,0,1,0,1,0,0,1,1,755,0,7,762,0
120,94M,164,268,0,0,2,4,31,0,0,0,0,0,0,0,1,470,0,2,472,0
121,94A(W),219,272,1,0,3,1,8,0,1,1,0,0,0,0,3,509,0,6,515,0
122,95M,184,224,0,0,1,4,23,0,0,0,1,0,0,0,1,438,0,6,444,0
123,95A(W),192,227,1,3,0,3,14,1,0,0,0,0,0,0,0,441,0,4,445,0
124,96,183,226,1,0,4,5,28,0,1,0,1,0,0,0,1,450,0,3,453,0
125,97,211,164,0,0,3,6,33,0,0,0,0,0,0,0,0,417,0,3,420,0
126,98,388,309,0,1,15,2,11,0,0,0,0,1,0,0,0,727,0,13,740,0
127,99,206,337,2,0,4,6,36,0,0,0,1,0,0,0,1,593,0,8,601,0
128,100,361,308,4,0,6,3,39,0,0,0,0,0,0,2,1,724,0,7,731,0
129,101,203,365,2,2,4,5,52,0,0,0,2,2,1,1,2,641,0,6,647,0
130,102,380,218,3,2,3,0,37,1,1,0,0,0,0,0,1,646,0,9,655,0
131,103M,264,173,0,0,4,0,15,0,0,0,0,0,0,0,0,456,0,6,462,0
132,103A(W),294,166,0,0,1,0,8,1,0,0,0,0,0,1,2,473,0,5,478,0
133,104M,251,159,0,0,5,3,37,0,0,1,0,0,0,0,0,456,0,2,458,0
134,104A(W),306,147,1,2,3,0,12,0,1,0,0,0,0,0,0,472,0,3,475,0
135,105,337,264,0,0,1,3,35,1,1,2,0,0,0,0,3,647,0,7,654,0
136,106,164,462,1,2,2,5,27,1,0,0,0,0,0,0,3,667,0,3,670,0
137,107,149,390,0,0,5,0,17,0,0,0,0,0,0,0,2,563,0,7,570,0
138,108,196,352,1,1,6,6,34,0,0,0,0,0,0,0,0,596,0,7,603,0
139,109,244,321,1,0,2,10,49,0,0,0,0,0,0,0,2,629,0,11,640,0
140,110M,142,220,0,0,0,15,41,0,0,0,1,0,0,0,0,419,0,8,427,0
141,110A(W),143,238,1,0,3,14,22,1,0,1,0,1,1,0,0,425,0,10,435,0
142,111,73,178,0,1,3,6,15,0,0,0,0,1,0,0,0,277,0,2,279,0
143,112,225,203,1,1,4,16,23,0,3,0,1,0,0,0,0,477,0,13,490,0
144,113,290,280,1,1,4,8,43,0,1,0,1,0,0,0,2,631,0,10,641,0
145,114M,153,233,1,0,2,4,47,0,1,0,0,0,0,0,0,441,0,4,445,0
146,114A(W),212,229,1,0,1,3,16,1,0,2,1,0,0,1,2,469,0,3,472,0
147,115M,155,180,0,0,4,5,31,1,0,0,0,0,0,0,0,376,0,8,384,0
148,115A(W),180,212,0,0,6,8,10,0,0,1,0,2,0,1,2,422,0,6,428,0
149,116,252,318,2,0,2,15,48,0,1,0,1,0,0,1,1,641,0,12,653,0
150,117,175,318,0,1,8,19,51,0,0,0,1,1,0,0,1,575,0,12,587,0
151,118,245,274,0,1,0,16,36,1,1,0,0,0,0,1,0,575,0,16,591,0
152,119M,157,266,1,1,4,4,50,0,1,1,0,0,0,0,0,485,0,4,489,0
153,119A(W),211,252,2,0,2,1,22,0,1,0,0,0,0,0,1,492,0,6,498,0
154,120M,188,231,0,0,7,8,28,0,0,0,0,1,1,0,0,464,0,9,473,0
155,120A(W),204,231,2,0,1,11,18,0,1,0,2,0,0,1,0,471,0,6,477,0
156,121M,216,245,0,0,3,5,30,0,2,0,0,0,0,0,0,501,0,6,507,0
157,121A(W),254,286,4,1,4,7,14,0,0,0,1,0,0,0,0,571,0,3,574,0
158,122,233,289,1,1,5,11,47,0,0,0,0,0,0,1,0,588,0,14,602,0
159,123,303,226,0,1,5,10,54,0,1,1,0,0,0,0,0,601,0,8,609,0
160,124,313,323,1,2,4,11,44,0,0,0,1,0,0,0,0,699,0,9,708,0
161,125M,151,208,1,0,2,7,33,1,0,0,1,0,0,0,0,404,0,3,407,0
162,125A(W),182,240,2,0,0,6,24,0,0,0,1,0,0,0,1,456,0,4,460,0
163,126M,200,217,0,1,4,6,45,0,0,1,1,0,0,0,0,475,0,4,479,0
164,126A(W),229,250,1,0,1,1,17,2,0,0,0,0,0,0,0,501,0,7,508,0
165,127M,154,282,0,0,0,9,28,0,1,0,0,0,0,0,0,474,0,4,478,0
166,127A(W),190,289,0,1,0,4,23,1,0,0,0,0,0,0,0,508,0,7,515,0
167,128,350,343,2,0,10,20,52,2,1,0,1,0,1,0,0,782,0,8,790,0
168,129,298,307,1,1,2,14,31,0,2,0,0,1,0,0,0,657,0,18,675,0
169,130M,134,302,2,3,7,3,40,1,0,0,0,0,0,0,0,492,0,5,497,0
170,130A(W),168,321,0,0,4,5,21,1,0,0,0,0,0,0,1,521,0,7,528,0
171,131,156,289,1,0,3,11,28,0,0,0,1,0,0,0,1,490,0,7,497,0
172,132,403,345,2,7,2,15,48,0,0,0,1,0,0,1,0,824,0,10,834,0
173,133,266,369,1,0,4,7,30,1,1,0,0,0,0,0,1,680,0,1,681,0
174,134,200,183,1,2,1,1,19,0,2,0,0,0,0,0,1,410,0,9,419,0
175,135M,173,181,0,0,3,7,35,0,0,0,0,0,0,0,0,399,0,4,403,0
176,135A(W),248,165,0,2,1,4,18,0,0,1,0,0,0,0,0,439,0,3,442,0
177,136M,157,230,0,0,4,10,38,0,0,0,1,0,0,1,1,442,0,4,446,0
178,136A(W),195,229,1,0,1,5,20,0,0,0,0,0,0,0,1,452,0,5,457,0
179,137,264,503,2,0,2,5,35,0,0,0,0,0,0,0,5,816,0,11,827,0
180,138,257,318,0,2,3,19,29,0,0,0,1,0,0,0,0,629,0,10,639,0
181,139,302,346,4,1,9,16,32,2,0,0,0,0,0,0,1,713,0,11,724,0
182,140M,218,237,1,1,3,8,46,0,0,0,0,0,0,0,0,514,0,8,522,0
183,140A(W),248,242,1,0,3,4,13,1,0,0,0,1,1,1,1,516,0,6,522,0
184,141,200,326,0,0,1,6,31,0,2,0,0,1,0,0,0,567,0,7,574,0
185,142,292,316,0,0,4,11,43,3,0,0,1,0,0,0,0,670,0,11,681,0
186,143,349,256,1,1,3,5,34,0,0,0,0,0,0,0,0,649,0,11,660,0
187,144,250,374,3,2,7,7,40,0,0,0,0,0,0,0,0,683,0,15,698,0
188,145M,292,183,1,0,7,1,39,0,0,0,0,0,0,0,0,523,0,7,530,0
189,145A(W),335,203,0,0,5,3,18,0,1,0,0,0,0,1,2,568,0,5,573,0
190,146,259,264,1,8,9,6,38,1,1,0,0,0,0,0,1,588,0,5,593,0
191,147,376,319,2,1,8,4,62,1,0,0,0,1,1,0,1,776,0,13,789,0
192,148,204,473,2,2,4,4,65,1,2,0,4,1,1,0,1,764,0,12,776,0
193,149,0,0,0,0,0,0,0,0,0,0,0,0,0,0,0,0,0,0,0,0
194,150,276,339,1,1,2,2,28,0,0,0,0,1,2,1,2,655,0,9,664,0
195,151,282,355,0,0,3,9,32,1,1,0,1,0,0,0,1,685,0,3,688,0
196,152,235,321,1,0,7,2,41,1,1,0,0,0,0,0,0,609,0,13,622,0
197,153,328,499,1,0,8,4,69,1,1,1,0,0,0,0,2,914,0,11,925,0
198,154,207,308,3,1,0,5,79,0,2,0,3,1,1,3,3,616,0,4,620,0
199,155M,263,235,0,0,4,1,40,0,0,0,0,1,0,1,1,546,0,9,555,0
200,155A(W),297,189,4,3,2,1,13,4,1,2,2,0,1,0,7,526,0,18,544,0
201,156,257,382,1,2,1,3,50,0,0,1,1,0,0,0,1,699,0,10,709,0
202,157,361,358,2,1,2,4,55,0,0,0,0,1,0,0,0,784,0,17,801,0
203,158M,209,209,1,0,2,0,38,1,0,0,1,0,0,0,1,462,0,10,472,0
204,158A(W),208,243,0,0,0,0,35,2,1,0,1,1,0,0,0,491,0,9,500,0
205,159,316,370,3,2,1,12,75,1,1,0,0,0,0,2,1,784,0,13,797,0
206,160M,200,279,1,0,2,0,67,1,0,0,0,0,0,0,0,550,0,8,558,0
207,160A(W),246,293,1,2,1,3,23,0,2,1,1,1,1,1,0,576,0,9,585,0
208,161M,209,223,0,0,6,0,70,0,2,0,0,0,0,0,0,510,0,10,520,0
209,161A(W),238,262,2,0,3,0,45,0,0,0,1,0,1,1,2,555,0,4,559,0
210,162M,163,245,0,0,1,1,56,1,2,0,0,0,1,0,1,471,0,2,473,0
211,162A(W),216,273,1,1,0,1,29,1,0,0,1,0,0,0,0,523,0,3,526,0
212,163M,173,192,1,1,4,7,42,1,0,0,0,0,0,0,0,421,0,10,431,0
213,163A(W),184,197,2,0,0,6,24,0,1,0,1,1,0,2,3,421,0,17,438,0
214,164,163,204,1,2,1,1,55,0,0,0,0,0,0,0,3,430,0,12,442,0
215,165,254,287,0,1,1,2,42,0,0,0,1,1,0,0,2,591,0,7,598,0
216,166,381,286,3,1,2,6,52,1,0,1,0,0,1,0,4,738,0,5,743,0
217,167,342,324,1,0,7,1,74,0,0,1,0,1,0,3,0,754,0,11,765,0
218,168,280,295,0,0,5,1,75,2,1,0,0,2,1,1,0,663,0,6,669,0
219,169,288,381,1,1,12,5,54,0,3,0,2,0,1,0,4,752,0,14,766,0
220,170,383,293,4,0,3,2,72,2,1,0,0,2,1,2,0,765,0,5,770,0
221,171,255,287,1,0,1,7,43,1,1,1,0,0,0,0,0,597,0,9,606,0
222,172M,157,256,0,0,3,0,56,3,1,0,1,0,0,0,1,478,0,5,483,0
223,172A(W),171,283,5,3,1,1,30,1,1,0,3,0,1,2,4,506,0,9,515,0
224,173M,147,259,0,0,1,5,65,0,0,0,0,0,0,2,0,479,0,4,483,0
225,173A(W),170,251,0,2,2,4,34,0,0,1,2,0,0,0,2,468,0,7,475,0
226,174,187,253,5,1,4,5,49,1,1,0,0,0,1,0,1,508,0,4,512,0
227,175,247,235,5,1,5,3,68,0,0,1,1,0,0,0,3,569,0,7,576,0
228,176,374,318,0,0,2,2,72,2,2,2,1,0,0,0,1,776,0,10,786,0
229,177,267,297,4,0,1,2,14,0,0,0,0,2,1,1,0,589,0,7,596,0
230,178,330,303,2,2,6,2,51,0,0,2,1,1,2,4,4,710,0,6,716,0
231,179,214,165,1,1,1,0,28,0,0,0,0,1,0,0,0,411,0,5,416,0
232,180M,248,180,0,0,2,2,50,0,1,0,1,0,0,0,2,486,0,1,487,0
233,180A(W),291,173,3,1,3,0,27,0,0,0,0,0,1,0,2,501,0,2,503,0
234,181M,228,266,1,1,2,2,28,0,0,0,1,0,0,0,0,529,0,5,534,0
235,181A(W),261,202,4,2,1,1,15,0,1,0,0,0,0,5,0,492,0,7,499,0
236,182,412,409,3,2,12,12,52,2,0,1,0,1,0,1,3,910,0,7,917,0
237,183M,184,290,1,0,3,2,27,1,0,0,0,0,0,0,0,508,0,1,509,0
238,183A(W),184,260,1,1,2,3,15,0,0,0,1,1,0,1,7,476,0,6,482,0
239,184M,215,178,0,0,1,6,29,0,0,0,0,1,0,0,0,430,0,5,435,0
240,184A(W),240,178,2,1,0,2,12,0,0,0,0,0,0,0,3,438,0,1,439,0
241,185M,189,184,0,0,1,1,52,1,0,0,0,0,0,1,1,430,0,4,434,0
242,185A(W),219,211,2,0,0,0,25,0,0,0,1,0,0,0,2,460,0,2,462,0
243,186,306,322,0,0,7,9,48,0,0,0,0,0,0,0,1,693,0,6,699,0
244,187,292,253,0,1,7,10,53,0,0,0,2,0,1,0,0,619,0,11,630,0
245,188,256,227,2,0,1,1,39,1,0,0,0,0,1,1,1,530,0,6,536,0
246,189,247,434,3,1,5,1,61,0,0,0,0,0,0,1,6,759,0,9,768,0
247,190M,197,261,1,0,7,0,60,0,1,0,0,0,0,0,2,529,0,1,530,0
248,190A(W),228,238,0,1,5,1,34,0,0,0,0,0,0,0,3,510,0,5,515,0
249,191,319,399,2,0,6,1,72,0,0,1,0,1,0,0,1,802,0,8,810,0
250,192,275,339,2,2,1,0,61,1,0,1,0,0,0,0,2,684,0,8,692,0
251,193M,218,250,1,1,2,3,34,0,0,0,1,0,0,0,1,511,0,5,516,0
252,193A(W),247,248,2,1,2,2,20,1,0,2,0,0,1,0,3,529,0,11,540,0
253,194,314,275,1,1,13,6,37,2,0,0,0,0,0,1,3,653,0,9,662,0
254,195M,231,275,0,0,2,2,34,0,0,0,0,1,0,0,0,545,0,8,553,0
255,195A(W),283,277,3,0,0,0,12,0,1,0,1,0,0,1,2,580,0,5,585,0
256,196,347,265,1,0,3,2,22,1,1,0,1,0,0,0,1,644,0,3,647,0
257,197,338,251,0,3,1,4,19,0,0,1,0,1,1,1,3,623,0,11,634,0
258,198M,195,253,1,0,3,2,21,0,1,0,0,0,0,2,0,478,0,3,481,0
259,198A(W),211,260,2,0,0,2,11,0,2,0,1,0,0,1,5,495,0,3,498,0
260,199,197,166,0,0,4,0,34,0,0,0,1,0,0,0,1,403,0,4,407,0
261,200,247,306,1,0,6,0,49,0,0,1,0,1,0,1,0,612,0,7,619,0
262,201M,208,230,0,0,2,3,29,0,0,0,0,2,0,0,1,475,0,9,484,0
263,201A(W),277,224,1,1,0,1,10,0,0,0,0,1,1,1,0,517,0,6,523,0
264,202,241,294,0,0,2,0,27,0,0,0,0,0,0,0,4,568,0,3,571,0
265,203,376,246,5,1,1,6,30,0,0,0,0,0,0,0,3,668,0,6,674,0
266,204,531,346,2,0,1,0,33,1,0,0,0,0,0,0,0,914,0,8,922,0
267,205,327,347,0,1,8,2,41,0,0,0,0,1,1,0,1,729,0,5,734,0
268,206,250,421,3,0,3,0,53,0,0,0,0,1,1,0,0,732,0,5,737,0
269,207,177,177,0,1,3,1,40,0,1,0,0,0,0,1,1,402,0,2,404,0
270,208,403,333,2,0,8,0,84,1,0,0,1,0,1,0,0,833,0,11,844,0
271,209,432,164,1,0,5,1,19,1,0,0,0,0,0,2,0,625,0,5,630,0
272,210,291,145,2,0,3,0,13,0,0,0,0,0,0,0,0,454,0,1,455,0
273,211,429,292,1,3,2,1,42,1,1,0,0,0,0,0,0,772,0,5,777,0
274,212,336,206,0,1,6,4,30,0,0,0,0,0,0,1,1,585,0,7,592,0
275,213,370,136,1,0,3,0,18,1,0,0,1,0,0,0,0,530,0,8,538,0
276,214,481,371,1,0,2,3,27,0,0,0,1,1,1,1,2,891,0,12,903,0
277,215M,281,186,0,0,0,0,17,0,0,0,0,0,0,0,0,484,0,1,485,0
278,215A(W),254,191,1,0,0,2,8,0,0,1,2,0,0,0,2,461,0,5,466,0
279,216M,276,188,0,0,3,1,29,0,0,0,0,0,0,0,0,497,0,2,499,0
280,216A(W),315,185,0,0,1,1,8,2,0,0,0,0,1,0,2,515,0,5,520,0
281,217,394,177,1,0,1,1,29,0,2,0,0,0,0,0,0,605,0,5,610,0
282,218,345,126,0,0,0,0,12,0,1,0,0,1,0,1,0,486,0,1,487,0
283,219,540,274,2,2,2,1,40,0,1,0,0,2,0,0,1,865,0,11,876,0
284,220,298,306,1,0,2,2,21,0,0,0,0,0,0,0,2,632,0,2,634,0
285,221,247,196,1,1,3,1,24,0,0,0,0,0,0,0,0,473,0,6,479,0
286,222,396,225,1,0,1,8,35,0,1,0,0,0,0,0,1,668,0,4,672,0
287,223,394,235,0,1,2,5,25,0,1,0,0,0,0,1,1,665,0,6,671,0
288,224M,298,115,0,1,1,0,16,0,0,0,0,0,0,1,0,432,0,4,436,0
289,224A(W),341,108,0,1,3,1,5,0,0,0,0,0,0,0,0,459,0,1,460,0
290,225M,320,135,0,0,4,0,33,0,0,0,0,0,1,0,1,494,0,6,500,0
291,225A(W),407,102,1,1,0,0,15,1,0,1,0,0,0,0,0,528,0,6,534,0
292,226,404,268,0,1,0,0,18,0,0,0,0,0,0,0,1,692,0,2,694,0
293,227,528,232,1,0,1,0,31,0,0,0,0,0,1,0,2,796,0,4,800,0
294,228,425,199,0,0,2,0,20,1,2,0,1,0,0,0,1,651,0,9,660,0
295,229,170,373,0,0,5,5,28,1,1,0,0,0,0,0,4,587,0,3,590,0
296,230,172,331,1,2,1,0,26,0,0,1,1,0,1,1,1,538,0,2,540,0
297,231,345,403,2,0,4,3,34,1,0,0,1,0,0,0,2,795,0,9,804,0
298,232,393,355,4,0,8,4,33,1,0,0,0,0,0,0,0,798,0,10,808,0
299,233,229,241,1,0,1,0,42,0,0,0,1,0,0,0,0,515,0,6,521,0
300,234,224,210,0,0,7,3,21,0,0,0,0,0,0,1,1,467,0,6,473,0
301,235M,239,196,0,0,2,1,24,0,0,0,0,0,0,0,2,464,0,9,473,0
302,235A(W),251,197,1,1,1,3,18,2,2,0,0,0,0,0,1,477,0,6,483,0
303,236,202,255,1,0,2,1,27,1,0,0,0,1,0,0,1,491,0,3,494,0
304,237,393,196,0,0,1,0,44,1,0,0,0,0,0,0,1,636,0,7,643,0
305,238,242,220,1,1,1,0,31,0,0,0,2,0,0,0,0,498,0,2,500,0
306,239,276,251,1,0,0,3,42,0,0,1,1,0,1,0,2,578,0,13,591,0
307,240,403,338,0,0,9,2,35,1,2,0,0,0,0,1,5,796,0,4,800,0
308,241M,242,189,2,1,2,0,30,0,0,0,1,0,0,0,3,470,0,7,477,0
309,241A(W),259,184,1,1,2,0,10,0,1,0,0,0,0,1,1,460,0,4,464,0
310,242,303,399,0,3,2,1,31,0,3,0,0,0,1,1,1,745,0,9,754,0
311,243,372,303,1,1,4,0,16,1,1,0,0,0,2,0,4,705,0,3,708,0
312,244M,269,191,0,1,3,0,22,0,0,0,0,0,0,0,0,486,0,1,487,0
313,244A(W),294,171,0,0,0,1,4,0,0,0,0,0,0,1,2,473,0,1,474,0
314,245,278,317,1,0,2,3,53,0,0,0,0,0,0,0,3,657,0,6,663,0
315,246,351,297,1,0,3,3,41,2,0,1,1,0,1,3,1,705,0,4,709,0
316,247,324,267,1,1,4,5,13,0,2,0,0,1,2,0,0,620,0,4,624,0
317,248,325,313,3,1,0,0,36,3,0,0,0,0,0,1,3,685,0,3,688,0
318,249,218,190,1,1,4,1,36,2,0,0,2,0,0,1,2,458,0,4,462,0
319,250,253,314,0,1,3,0,46,0,0,0,0,0,0,0,1,618,0,4,622,0
320,251M,180,211,0,0,1,1,30,0,0,0,1,0,0,0,1,425,0,11,436,0
321,251A(W),243,183,0,1,1,0,17,0,0,0,0,0,1,1,3,450,0,6,456,0
322,252,296,320,1,0,6,7,24,0,0,0,0,0,0,0,1,655,0,7,662,0
323,253M,194,281,0,1,4,0,18,1,1,0,1,1,0,0,2,504,0,1,505,0
324,253A(W),198,256,0,2,3,3,3,0,2,0,2,1,1,2,5,478,0,4,482,0
325,254,304,446,2,2,1,0,33,2,0,0,1,0,0,0,0,791,0,7,798,0
326,255M,197,267,0,0,1,0,37,1,0,0,0,0,0,0,0,503,0,2,505,0
327,255A(W),221,248,2,1,1,0,16,0,2,1,1,1,0,0,4,498,0,4,502,0
328,256,196,265,4,2,2,1,32,0,1,0,0,2,0,0,0,505,0,6,511,0
329,257,351,422,3,3,4,3,46,0,0,1,2,0,2,0,10,847,0,11,858,0
330,258,362,404,0,2,0,2,34,0,0,0,0,0,1,0,2,807,0,3,810,0
331,259M,154,238,0,1,2,1,54,1,0,0,0,0,0,1,3,455,0,4,459,0
332,259A(W),162,284,5,0,3,1,16,0,0,0,2,1,2,4,8,488,0,5,493,0
