Sl. No,Polling Station No,ARULMANI C. Peravai Vallalar Inida Akila,V KRISHNASAMY. Dr. Katchi Tamilar Naam,GURUNATHAN K. Nala Makkal Katchi Samaniya,SAMSON R. Maiam Needhi Makkal,DHINAKARAN M. Tamilagam Puthiya,RENGARAJ T. Ilangyar Katchi Nadu Tamil,JAGADEESAN P. Party India My,RAMALINGAM P. Independent,RAJASEHAR R. Independent,K.R.ELAIYARAJA Independent,GOPALAKRISHNAN V. Independent,SUDHA R. Independent,SELVARAJ V.M. Independent,NEELAMEGAM P. Independent,PUGAZHENTHI S. Independent,MACHAVALLAVAN P. Independent,MANIMARABOOPATHI K. Independent,MANOHARAN A.C. Independent,KUMAR MANOJ S. Independent,MUTHUSAMY V. Independent,MOHAN N. Independent,RAJINIKANTH K. Independent,RAJARAM P. Independent,RAJU V. Independent,Total Valid Votes,Rejected Votes,NOTA,Total Votes,Tendered Votes
1,1,0,349,246,0,10,35,0,0,0,0,0,1,0,1,0,0,0,2,1,0,0,0,0,0,0,1,0,1,1,648,0,1,649,0
2,2,1,265,133,0,3,19,0,1,0,0,0,0,0,0,0,0,0,0,0,0,0,0,0,0,0,0,0,0,0,422,0,2,424,0
3,3,2,404,138,2,6,25,1,11,0,4,0,0,0,0,0,0,0,4,0,0,0,0,0,0,0,0,0,0,0,597,0,7,604,0
4,4,4,327,55,1,2,19,0,8,0,2,0,0,0,0,2,1,0,3,0,0,0,0,0,0,0,0,0,1,0,425,0,1,426,0
5,5,4,379,221,2,2,51,1,7,0,0,1,0,0,0,3,0,0,0,1,0,0,0,0,0,0,1,0,0,0,673,0,3,676,0
6,6,2,432,191,1,1,52,1,8,0,0,1,0,1,1,5,1,0,4,1,0,0,0,0,0,1,0,1,2,2,708,0,2,710,0
7,7,2,266,110,0,3,34,0,5,0,0,0,0,0,1,0,0,0,0,1,0,0,0,0,0,0,0,0,0,0,422,0,2,424,0
8,7(A),1,356,96,0,1,12,0,1,0,0,0,0,0,1,2,3,0,1,0,0,0,0,0,0,0,0,0,2,1,477,0,1,478,0
9,8,2,289,151,0,2,22,0,0,0,1,0,0,0,1,3,0,0,2,0,0,0,0,0,0,0,0,0,2,2,477,0,0,477,0
10,9,4,435,206,0,0,52,0,1,0,1,1,0,2,0,2,0,1,1,1,3,0,0,0,0,0,1,0,2,1,714,0,4,718,0
11,10,2,380,278,1,5,51,0,4,1,0,2,0,0,0,0,0,0,1,1,0,0,0,0,1,2,0,0,2,0,731,0,2,733,0
12,11,3,419,98,5,0,5,0,1,2,0,2,0,2,1,2,2,0,3,0,0,0,0,1,0,0,0,0,1,2,549,0,1,550,0
13,12,7,390,245,1,8,38,1,3,2,1,1,6,1,3,3,2,0,3,1,2,0,2,2,1,2,1,4,6,1,737,0,3,740,0
14,13,2,537,216,0,4,53,0,0,3,1,0,2,2,4,5,0,1,0,0,0,2,0,0,0,0,0,1,3,2,838,0,5,843,0
15,14,1,301,128,3,7,42,3,2,0,0,0,0,0,0,0,2,0,1,1,0,1,1,1,0,1,0,1,2,0,498,0,2,500,0
16,14(A),2,301,125,1,1,19,1,0,0,0,0,2,1,0,1,1,0,1,0,1,1,2,1,1,1,0,2,9,2,476,0,5,481,0
17,15,1,490,270,3,7,67,1,2,0,1,1,1,2,3,2,1,0,9,5,2,0,1,0,0,0,0,1,4,2,876,0,6,882,0
18,16,2,211,169,1,1,33,0,1,0,0,0,0,1,1,1,0,0,1,1,0,0,0,0,0,0,0,3,1,0,427,0,5,432,0
19,17,2,585,138,1,4,78,0,0,0,1,0,0,0,0,0,0,0,0,0,1,0,0,0,0,0,0,1,1,0,812,0,1,813,0
20,18,2,323,56,0,7,54,0,0,0,1,0,0,0,1,0,0,0,2,0,1,2,0,1,0,0,0,0,0,0,450,0,2,452,0
21,18(A),0,394,30,0,1,18,0,0,0,0,0,0,0,0,0,0,0,5,0,0,0,0,0,0,0,0,0,1,0,449,0,0,449,0
22,19,0,284,90,0,1,33,0,3,0,0,0,0,0,0,0,0,1,1,0,0,0,0,0,0,0,0,0,1,0,414,0,1,415,0
23,20,0,342,195,2,5,93,1,1,0,0,0,0,0,0,1,0,3,1,1,0,0,0,0,0,0,2,0,3,0,650,0,0,650,0
24,21,2,401,193,0,3,14,0,0,0,0,0,0,0,0,0,0,0,5,1,1,0,0,0,0,1,0,1,2,2,626,0,1,627,0
25,22,1,370,59,0,2,27,0,0,1,0,0,0,0,0,0,0,0,1,0,0,0,0,0,0,0,0,0,0,0,461,0,0,461,0
26,23,1,522,68,1,11,28,0,0,0,0,0,0,0,1,2,1,0,2,1,1,0,0,0,0,0,0,0,2,0,641,0,2,643,0
27,24,2,534,42,0,4,35,0,0,0,0,0,0,0,0,1,0,0,2,0,1,0,0,0,0,0,0,0,1,0,622,0,3,625,0
28,25,0,366,156,1,4,25,1,1,0,0,1,0,0,0,1,0,0,4,0,0,0,0,0,0,0,0,0,0,0,560,0,2,562,0
29,26,0,277,131,0,2,60,0,0,0,0,1,0,0,1,1,0,0,1,0,1,0,0,0,0,0,0,0,1,0,476,0,0,476,0
30,26(A),0,295,141,1,4,14,0,0,0,1,0,0,1,1,3,0,0,5,1,0,0,1,0,0,0,0,0,3,2,473,0,0,473,0
31,27,3,287,214,2,2,52,0,1,0,0,1,0,0,4,0,1,1,1,3,1,0,1,0,0,1,0,0,0,1,576,0,0,576,0
32,28,3,260,222,0,0,20,0,0,0,0,0,1,0,0,0,1,0,4,3,2,1,0,1,3,0,0,2,4,1,528,0,2,530,0
33,29,3,278,155,1,4,18,1,2,0,1,0,0,0,0,0,1,0,0,0,0,0,0,0,0,0,0,0,1,0,465,0,0,465,0
34,29(A),2,373,111,1,1,10,0,3,0,0,0,0,0,0,0,1,0,0,0,0,0,0,0,0,1,0,1,1,1,506,0,1,507,0
35,30,0,325,121,0,0,56,0,2,0,2,0,0,0,0,0,1,0,2,0,0,0,0,0,1,0,0,0,0,0,510,0,1,511,0
36,31,0,381,192,4,3,39,0,5,1,0,0,0,0,1,0,1,0,4,0,4,0,0,0,0,0,1,0,2,3,641,0,1,642,0
37,32,2,321,110,1,2,40,0,0,0,0,0,0,2,0,0,1,1,1,1,1,0,0,0,0,0,3,0,1,0,487,0,4,491,0
38,33,3,501,216,2,5,50,1,3,0,1,0,1,0,1,1,0,2,4,2,1,0,0,0,0,0,1,0,1,2,798,0,1,799,0
39,34,0,230,102,0,6,47,1,11,0,0,0,0,1,0,0,0,1,1,1,0,0,0,0,0,1,0,0,1,0,403,0,3,406,0
40,34(A),3,285,117,1,3,20,1,6,0,1,1,2,1,0,0,0,0,1,0,0,0,0,1,0,0,1,2,3,1,450,0,1,451,0
41,35,4,474,176,1,8,33,1,8,1,3,0,1,0,0,2,0,2,2,2,0,0,0,0,0,0,1,0,1,0,720,0,5,725,0
42,36,0,465,92,1,5,40,2,1,0,0,0,0,10,0,0,0,0,1,0,0,0,0,0,0,0,0,0,1,0,618,0,3,621,0
43,37,1,250,155,0,7,51,0,1,0,2,0,0,0,0,0,0,1,0,0,0,0,0,0,0,0,0,0,0,0,468,0,2,470,0
44,37(A),0,307,177,1,2,26,1,3,0,0,0,0,0,0,0,1,1,2,0,0,0,0,0,0,0,1,0,4,0,526,0,1,527,0
45,38,2,488,147,0,2,63,0,2,0,0,0,0,1,2,5,1,0,2,0,0,0,0,0,0,0,0,0,4,1,720,0,2,722,0
46,39,7,423,154,0,5,48,0,2,0,1,0,1,1,0,0,2,2,4,0,0,0,0,0,0,1,0,0,0,4,655,0,4,659,0
47,40,0,246,134,0,3,58,1,2,0,0,0,0,0,0,0,1,0,2,1,0,0,0,0,0,2,0,0,0,0,450,0,3,453,0
48,40(A),0,313,144,1,3,22,0,3,0,3,0,0,0,1,0,1,0,3,4,0,1,0,1,0,2,0,0,5,1,508,0,3,511,0
49,41,1,553,146,2,5,64,1,3,1,1,1,1,0,1,0,0,1,4,2,0,0,0,0,0,0,0,1,1,0,789,0,4,793,0
50,42,1,260,52,0,5,24,0,0,1,0,0,0,0,0,1,1,0,5,1,0,0,0,0,0,0,0,0,2,0,353,0,2,355,0
51,43,1,391,94,0,1,54,0,0,0,0,2,0,1,1,0,0,0,1,1,1,0,0,0,0,0,0,0,0,0,548,0,1,549,0
52,44,4,280,156,0,3,58,1,2,0,0,0,1,0,0,1,0,1,2,0,0,0,0,1,0,0,0,2,2,1,515,0,2,517,0
53,45,1,468,195,3,7,65,0,0,0,1,0,0,1,0,2,0,0,6,2,1,1,1,0,0,1,1,3,4,1,764,0,3,767,0
54,46,2,476,94,0,8,26,1,1,0,0,0,0,0,0,0,0,0,1,0,1,0,0,0,0,0,0,0,0,0,610,0,2,612,0
55,47,0,470,52,0,3,22,0,0,0,0,0,0,0,0,0,0,0,1,0,0,0,0,0,0,0,0,0,1,0,549,0,1,550,0
56,48,1,232,116,0,6,69,0,0,0,0,0,1,0,3,0,0,0,6,1,0,0,0,0,0,0,0,1,3,0,439,0,4,443,0
57,48(A),6,290,100,1,6,17,0,1,0,1,0,0,0,0,1,1,0,1,1,1,0,0,0,0,0,0,0,3,1,431,0,1,432,0
58,49,1,306,174,1,9,96,0,0,0,0,0,0,1,0,1,0,1,3,1,3,1,0,0,0,0,0,2,1,0,601,0,1,602,0
59,50,0,305,129,0,7,63,0,1,0,0,0,0,1,0,0,0,0,1,0,1,0,0,1,1,0,0,0,1,1,512,0,1,513,0
60,50(A),0,359,109,3,1,34,0,0,0,0,0,0,0,0,0,1,0,1,0,1,0,0,0,0,1,0,0,2,0,512,0,1,513,0
61,51,2,329,210,2,3,43,0,0,0,0,0,2,0,0,1,0,1,1,3,0,0,1,1,2,0,0,0,8,4,613,0,0,613,0
62,52,1,264,173,0,12,48,1,0,0,0,0,0,1,0,0,0,0,1,0,0,1,0,0,0,0,0,0,0,0,502,0,1,503,0
63,52(A),0,342,155,2,7,26,0,1,1,0,0,1,0,0,0,0,0,5,2,0,1,1,1,0,0,0,0,1,1,547,0,1,548,0
64,53,2,268,166,0,4,25,0,1,0,1,1,0,1,0,1,2,1,4,1,0,0,0,0,1,0,0,0,4,1,484,0,3,487,0
65,54,2,466,178,2,3,55,1,4,0,0,0,0,0,1,4,1,1,1,0,0,0,0,0,0,0,0,1,4,1,725,0,3,728,0
66,55,1,271,166,2,2,23,1,3,0,0,0,1,0,0,0,0,0,0,0,0,0,0,0,0,0,0,0,2,1,473,0,3,476,0
67,56,0,198,197,1,2,30,0,2,0,0,0,0,0,1,0,1,0,2,0,0,0,0,0,0,0,0,0,2,1,437,0,3,440,0
68,57,3,270,164,0,11,67,0,0,0,0,0,0,0,1,1,0,3,4,0,2,0,1,1,1,0,0,2,2,0,533,0,3,536,0
69,58,2,406,203,0,7,46,0,0,0,0,0,0,0,0,2,1,0,0,1,0,0,0,1,0,1,0,1,4,2,677,0,0,677,0
70,59,0,225,90,1,5,30,0,1,0,0,0,0,0,0,0,1,1,2,1,0,0,0,0,0,1,0,0,2,0,360,0,1,361,0
71,60,2,411,243,1,6,74,0,3,0,0,0,1,0,0,1,0,0,3,0,3,0,0,0,0,0,1,7,4,1,761,0,5,766,0
72,61,4,417,204,0,3,64,0,3,0,0,0,2,1,0,0,3,1,1,0,0,0,0,0,0,0,0,0,0,0,703,0,6,709,0
73,62,1,326,81,0,2,57,0,0,0,0,0,0,0,1,0,0,0,2,1,0,0,1,0,0,0,0,0,2,0,474,0,2,476,0
74,63,1,260,88,2,2,40,0,5,0,1,0,0,0,0,0,0,0,2,0,0,0,0,0,0,0,0,0,0,0,401,0,3,404,0
75,63(A),1,276,103,2,0,14,0,5,0,0,0,0,0,0,0,0,1,6,0,0,1,1,0,0,1,0,0,2,1,414,0,1,415,0
76,64,0,363,72,0,35,39,0,3,0,0,0,0,0,0,0,0,0,2,0,0,0,0,0,0,0,0,1,0,0,515,0,2,517,0
77,65,1,263,132,1,7,34,0,4,0,0,0,0,0,0,0,0,0,0,0,1,0,0,0,1,0,0,0,0,0,444,0,3,447,0
78,65(A),0,377,99,0,6,17,0,3,0,0,1,1,0,0,1,2,0,1,0,0,0,1,0,0,0,0,0,1,1,511,0,1,512,0
79,66,0,346,207,0,2,28,0,7,0,0,1,0,0,0,0,0,0,0,1,0,0,0,0,0,0,0,1,1,0,594,0,1,595,0
80,67,2,292,209,1,6,42,0,0,0,0,0,1,0,0,1,2,0,0,0,0,0,0,0,0,0,0,0,0,0,556,0,3,559,0
81,68,2,219,202,0,3,29,0,3,0,1,0,0,0,0,0,0,0,0,0,0,0,0,0,0,0,0,0,1,0,460,0,5,465,0
82,68(A),2,272,169,3,4,23,0,4,0,1,0,0,0,0,0,0,0,2,0,1,0,0,0,0,0,0,0,0,1,482,0,3,485,0
83,69,0,278,183,1,2,33,1,0,0,0,0,0,0,1,0,1,1,0,0,0,0,0,0,0,0,0,1,0,1,503,0,0,503,0
84,70,0,264,144,0,3,37,0,1,1,0,0,0,0,0,0,0,0,0,0,1,0,0,0,0,0,0,2,0,0,453,0,3,456,0
85,70(A),2,326,135,0,0,11,0,0,0,0,0,0,0,1,2,2,0,1,1,1,0,0,0,0,0,0,0,1,2,485,0,3,488,0
86,71,2,376,108,1,1,28,0,1,0,0,0,0,0,0,0,0,1,1,0,1,0,0,0,0,0,0,1,1,2,524,0,3,527,0
87,72,0,517,133,2,3,34,0,1,0,0,0,0,0,0,1,0,2,0,0,0,0,0,0,0,0,0,0,1,0,694,0,4,698,0
88,73,1,342,232,3,12,52,0,7,0,0,1,0,0,0,0,0,1,1,0,0,0,0,0,0,0,0,0,0,0,652,0,7,659,0
89,74,1,409,359,1,10,49,0,2,0,0,1,0,1,0,1,1,0,1,0,0,0,1,0,0,0,0,0,0,0,837,0,4,841,0
90,75,0,296,84,1,5,23,0,2,0,0,1,1,0,0,0,0,0,0,0,0,0,0,0,0,0,0,0,0,0,413,0,2,415,0
91,75(A),5,385,94,1,0,23,0,1,0,0,0,0,1,0,2,0,0,4,0,0,0,0,0,0,0,0,1,0,0,517,0,2,519,0
92,76,0,226,172,0,5,41,0,5,0,0,0,0,0,0,0,0,0,0,0,1,0,0,0,0,0,0,0,0,0,450,0,4,454,0
93,76(A),3,277,161,1,4,22,0,2,0,0,1,0,0,0,1,2,1,3,0,1,0,0,0,0,0,0,0,2,1,482,0,2,484,0
94,77,1,404,168,0,3,44,0,0,0,0,0,3,2,0,2,0,0,1,0,0,0,0,0,0,1,0,0,0,0,629,0,0,629,0
95,78,1,299,224,0,4,24,1,1,0,0,0,0,0,0,0,0,0,2,0,0,1,0,0,0,0,0,0,0,1,558,0,1,559,0
96,79,3,279,199,1,3,45,0,2,0,0,0,0,0,0,0,0,1,1,0,0,0,0,0,0,1,0,1,2,0,538,0,1,539,0
97,79(A),2,316,206,5,2,11,0,0,0,0,0,1,2,1,1,2,0,1,0,0,0,0,0,0,0,0,0,6,5,561,0,0,561,0
98,80,0,465,220,4,1,50,1,2,1,0,0,0,0,1,0,0,0,0,1,0,0,1,0,0,0,0,0,0,0,747,0,11,758,0
99,81,2,375,197,0,1,51,0,0,0,1,1,0,0,0,1,0,2,1,1,1,0,1,1,0,0,0,1,3,3,643,0,4,647,0
100,82,2,278,265,2,1,14,0,1,0,0,0,0,0,0,0,0,0,2,0,1,0,0,0,0,0,0,1,0,0,567,0,0,567,0
101,83,0,227,200,0,3,42,0,1,0,0,0,1,0,0,0,1,1,1,1,3,0,0,0,1,0,0,0,6,0,488,0,4,492,0
102,83(A),2,245,234,3,0,17,1,0,0,0,0,1,0,0,0,2,0,4,7,1,0,0,0,1,0,0,0,4,0,522,0,2,524,0
103,84,0,196,149,0,1,26,0,3,0,0,0,0,0,1,1,0,1,1,1,0,0,0,0,0,0,0,0,0,1,381,0,1,382,0
104,85,0,302,335,5,23,95,0,1,0,0,1,0,3,0,0,2,0,3,0,2,0,0,0,0,0,0,1,0,1,774,0,2,776,0
105,86,2,240,202,1,2,65,0,2,1,0,0,0,0,0,0,0,0,0,0,0,0,0,0,0,0,0,0,1,0,516,0,2,518,0
106,86(A),3,279,214,2,1,36,0,1,0,0,0,1,1,1,0,0,0,4,3,0,0,0,0,0,1,0,2,6,1,556,0,0,556,0
107,87,2,250,168,0,1,41,0,6,0,1,0,0,1,0,0,0,0,0,1,0,0,0,0,0,0,0,0,2,0,473,0,4,477,0
108,88,0,452,240,1,8,47,0,6,0,0,1,2,0,0,0,1,2,0,0,0,0,0,0,0,0,2,0,0,1,763,0,2,765,0
109,89,4,355,132,0,4,24,0,7,0,1,0,0,1,0,0,0,0,2,1,0,0,1,0,1,0,1,0,4,0,538,0,4,542,0
110,90,1,312,174,0,2,53,0,5,0,1,0,1,4,0,0,1,1,4,1,3,1,0,0,2,3,0,2,4,2,577,0,2,579,0
111,91,2,484,262,0,3,83,0,2,0,2,2,1,0,1,1,2,1,3,1,1,0,0,0,1,0,1,1,1,6,861,0,3,864,0
112,92,4,393,212,3,3,43,1,0,0,0,1,0,0,2,0,0,1,4,1,2,0,0,0,1,0,0,2,2,0,675,0,6,681,0
113,93,0,264,226,1,2,32,0,2,0,0,0,0,0,0,0,0,1,1,2,1,0,0,0,1,0,0,0,2,1,536,0,0,536,0
114,94,5,220,195,0,8,67,0,3,0,0,0,0,0,0,0,0,0,0,0,0,0,0,0,0,0,0,0,0,0,498,0,2,500,0
115,94(A),2,253,192,3,2,32,0,2,1,1,0,0,0,0,1,0,0,5,3,1,0,0,0,1,0,0,1,3,2,505,0,2,507,0
116,95,0,305,106,0,2,26,0,4,0,1,1,0,0,0,1,0,0,1,0,1,0,0,0,0,12,0,0,0,0,460,0,2,462,0
117,95(A),2,375,112,1,1,17,0,1,0,1,1,1,0,0,0,1,0,1,0,1,0,0,0,0,4,0,0,2,0,521,0,1,522,0
118,96,2,315,74,0,1,32,1,1,0,2,0,0,0,0,0,0,0,3,0,1,0,0,0,0,0,0,0,0,0,432,0,2,434,0
119,96(A),5,428,85,1,0,21,1,1,0,0,0,0,0,1,4,1,0,2,1,1,0,0,0,0,0,0,0,2,2,556,0,3,559,0
120,97,0,307,165,0,7,20,0,2,0,0,0,0,0,1,1,1,0,2,1,0,0,0,1,0,0,0,0,1,0,509,0,2,511,0
121,98,0,319,245,2,2,33,0,4,0,0,0,0,0,1,1,2,0,8,1,0,0,0,0,0,0,0,0,4,5,627,0,2,629,0
122,99,2,457,223,3,8,49,0,0,0,0,0,0,1,1,1,0,2,4,6,0,0,0,0,0,0,1,1,0,2,761,0,3,764,0
123,100,1,369,223,1,0,19,0,1,3,1,0,0,1,3,1,2,0,2,1,1,0,0,0,0,1,0,0,1,0,631,0,2,633,0
124,101,1,406,166,3,1,27,2,0,7,0,0,0,0,1,7,1,1,4,1,1,0,0,0,0,0,0,0,1,0,630,0,4,634,0
125,102,0,337,169,0,2,63,0,9,0,3,0,0,0,0,1,0,0,2,1,0,0,0,0,0,0,0,0,2,0,589,0,2,591,0
126,103,0,512,201,1,3,67,0,4,2,0,1,1,1,0,2,1,1,3,0,3,1,1,0,2,0,0,1,4,0,812,0,3,815,0
127,104,1,370,202,1,2,42,0,1,0,3,0,0,2,2,1,0,2,3,4,1,0,2,1,0,0,0,0,7,2,649,0,4,653,0
128,105,1,380,140,2,1,60,0,1,0,0,0,1,0,0,1,0,0,2,0,0,0,0,0,0,0,0,0,0,0,589,0,1,590,0
129,106,1,571,185,0,11,72,0,9,1,2,0,1,0,3,5,0,0,0,1,2,0,0,0,0,0,1,1,4,3,873,0,6,879,0
130,107,3,435,183,1,2,67,1,2,1,0,1,1,0,0,1,0,1,2,2,1,0,0,1,0,1,1,1,4,3,715,0,2,717,0
131,108,3,431,168,1,3,31,0,7,0,2,0,0,1,0,3,0,0,1,1,0,1,0,0,0,0,0,0,1,0,654,0,2,656,0
132,109,1,206,342,2,4,28,0,2,0,2,0,0,3,1,2,2,1,1,0,0,0,0,0,0,0,0,0,1,1,599,0,1,600,0
133,110,2,452,202,1,1,37,0,2,1,0,0,1,0,1,2,2,1,0,0,0,0,0,0,0,0,0,0,0,2,707,0,1,708,0
134,111,0,244,133,2,4,27,0,0,0,0,0,0,0,0,0,0,0,2,0,0,0,0,0,0,0,0,0,1,0,413,0,0,413,0
135,111(A),1,298,135,2,1,13,0,0,0,0,0,0,0,0,0,2,0,3,1,0,0,0,0,0,1,0,1,2,1,461,0,1,462,0
136,112,4,532,194,2,4,43,0,4,4,0,1,1,0,0,0,0,1,1,1,0,0,0,0,0,1,0,0,1,1,795,0,2,797,0
137,113,1,326,70,0,4,39,0,4,0,1,0,0,0,1,0,0,1,1,0,1,0,0,0,0,1,0,0,2,0,452,0,3,455,0
138,113(A),1,405,54,2,7,27,0,5,0,0,0,0,0,1,0,0,0,2,0,0,0,0,0,0,0,0,1,1,0,506,0,3,509,0
139,114,0,408,103,0,5,41,0,2,0,0,0,0,0,0,2,1,0,3,0,1,0,0,1,0,0,0,0,1,2,570,0,5,575,0
140,115,0,308,69,2,1,44,1,2,9,0,0,0,0,1,1,0,0,1,0,0,0,0,0,0,0,0,0,1,1,441,0,0,441,0
141,115(A),2,362,54,2,0,21,0,1,4,0,0,0,0,0,3,0,0,4,0,0,0,0,0,0,0,0,1,4,3,461,0,2,463,0
142,116,1,285,103,0,3,66,2,2,0,0,0,0,0,0,0,0,0,1,0,1,0,0,0,0,0,0,0,1,0,465,0,0,465,0
143,116(A),3,323,124,2,1,36,1,3,0,1,0,0,0,1,2,0,0,3,0,0,0,0,0,0,0,0,0,1,0,501,0,2,503,0
144,117,1,345,196,2,4,56,0,5,0,0,0,0,1,2,0,2,0,1,2,0,0,0,0,0,0,0,0,2,0,619,0,7,626,0
145,118,1,260,191,1,4,33,0,5,0,4,0,0,1,0,0,0,0,1,1,1,0,0,1,0,0,0,0,0,1,505,0,2,507,0
146,118(A),1,313,170,2,2,19,3,3,0,2,0,2,0,2,2,0,0,4,1,0,0,1,0,1,1,1,0,3,4,537,0,2,539,0
147,119,1,478,108,0,3,37,0,3,0,8,1,0,0,0,0,1,1,3,2,1,0,0,0,0,0,1,1,2,2,653,0,1,654,0
148,120,1,520,225,4,3,69,0,2,0,33,0,0,1,2,1,3,2,1,0,3,2,1,0,0,4,0,1,5,1,884,0,5,889,0
149,121,5,406,147,1,5,49,0,5,0,1,1,0,0,0,2,3,1,0,0,2,0,0,0,0,1,0,0,2,1,632,0,6,638,0
150,122,2,561,130,2,7,73,1,3,1,0,1,0,0,1,0,1,0,0,0,3,0,0,0,0,0,0,1,1,1,789,0,2,791,0
151,123,2,391,74,0,2,50,1,0,1,4,0,0,0,0,0,1,1,2,0,0,1,0,0,0,0,0,0,1,1,532,0,0,532,0
152,124,0,293,212,0,0,70,1,1,0,1,1,0,2,1,1,0,0,1,1,1,0,0,1,1,0,0,0,3,0,591,0,2,593,0
153,125,1,370,337,2,4,63,0,4,1,6,0,1,1,0,0,2,0,3,0,2,0,0,0,1,0,0,1,2,4,805,0,2,807,0
154,126,0,222,183,0,6,35,0,2,0,1,0,0,0,0,1,0,0,0,0,1,0,0,0,0,1,0,1,0,0,453,0,2,455,0
155,126(A),2,252,185,0,0,15,1,1,0,0,0,0,0,0,0,1,0,0,1,1,0,0,0,0,0,0,0,1,0,460,0,3,463,0
156,127,3,322,204,0,3,44,0,3,0,1,0,0,0,0,0,0,0,2,1,0,0,1,0,0,0,1,1,2,0,588,0,4,592,0
157,128,0,277,270,3,3,43,1,1,0,1,0,0,0,1,1,1,0,1,0,0,0,1,0,0,0,0,0,2,2,608,0,5,613,0
158,129,1,267,146,0,6,44,0,0,1,1,0,0,0,0,0,0,1,0,0,0,0,0,0,0,2,0,0,0,0,469,0,4,473,0
159,129(A),0,337,120,1,0,24,0,3,0,0,0,0,0,1,7,3,1,5,0,0,1,1,1,0,2,0,0,7,3,517,0,5,522,0
160,130,2,388,209,1,1,40,1,2,0,0,1,1,1,2,0,0,0,2,2,0,0,0,0,0,3,0,1,2,0,659,0,7,666,0
161,131,0,283,121,2,1,56,0,1,4,0,0,0,0,0,0,0,0,2,0,1,0,1,0,1,6,0,0,3,3,485,0,4,489,0
162,131(A),0,344,119,2,2,28,0,3,0,0,0,0,0,2,2,3,0,1,0,0,0,0,0,0,2,0,0,2,3,513,0,3,516,0
163,132,1,239,96,0,1,89,2,2,0,0,0,0,0,0,1,0,0,0,0,0,0,0,0,2,0,0,0,0,0,433,0,1,434,0
164,132(A),1,310,115,0,0,64,0,1,0,0,0,0,1,1,1,1,1,3,1,2,0,0,0,1,0,0,0,0,1,504,0,1,505,0
165,133,0,522,139,0,2,110,1,5,0,3,0,1,1,1,0,2,0,1,2,0,0,0,0,0,0,0,0,2,0,792,0,4,796,0
166,134,0,370,134,2,9,63,0,5,0,1,0,0,0,0,1,0,1,1,1,1,0,0,0,0,0,0,1,1,0,591,0,2,593,0
167,135,1,345,95,0,2,65,1,3,0,1,0,0,0,1,1,0,0,1,0,1,0,1,0,0,0,0,0,0,1,519,0,4,523,0
168,136,1,349,187,1,7,76,1,2,0,0,0,0,0,1,0,0,1,0,1,1,1,0,0,0,0,0,0,1,0,630,0,3,633,0
169,137,0,339,133,3,5,109,1,2,0,0,0,0,0,1,2,1,1,2,0,0,0,0,0,2,0,0,0,3,0,604,0,2,606,0
170,138,0,346,66,1,5,51,0,4,0,0,1,0,0,0,2,0,1,0,0,0,0,0,0,0,0,0,0,2,0,479,0,5,484,0
171,139,1,423,121,0,5,94,0,6,0,0,0,0,0,0,0,1,1,2,1,1,0,1,0,0,0,0,0,1,2,660,0,4,664,0
172,140,0,289,108,2,13,75,1,12,0,0,0,0,0,0,0,0,2,2,1,1,0,0,0,0,0,0,1,0,0,507,0,0,507,0
173,140(A),0,387,136,2,5,45,1,8,0,3,0,1,1,1,2,2,0,3,0,0,0,0,0,0,0,0,0,1,1,599,0,3,602,0
174,141,0,428,108,0,4,48,0,10,0,0,1,0,0,0,0,0,0,3,1,0,0,0,0,1,0,1,0,0,1,606,0,3,609,0
175,142,1,525,147,2,5,61,0,9,0,0,0,0,0,1,0,1,0,2,0,0,0,0,0,0,0,0,0,0,1,755,0,2,757,0
176,143,0,397,72,0,1,32,0,6,0,0,0,0,0,1,2,1,1,0,0,0,0,2,0,0,0,1,0,0,0,516,0,2,518,0
177,144,2,469,212,1,2,46,1,7,1,1,0,0,0,0,0,1,0,5,0,0,0,0,0,0,0,0,0,2,2,752,0,3,755,0
178,145,5,423,59,0,2,56,0,2,3,0,0,0,0,0,2,1,0,1,1,0,0,0,0,0,0,0,0,0,0,555,0,1,556,0
179,146,1,359,163,1,1,49,0,10,0,0,0,0,0,0,0,1,0,0,0,1,0,0,0,0,0,0,0,0,2,588,0,5,593,0
180,147,1,324,330,1,3,27,0,7,1,0,1,0,0,1,0,1,0,0,1,0,1,0,0,0,0,0,0,2,1,702,0,1,703,0
181,148,0,310,225,2,6,53,0,3,1,1,0,1,0,0,1,0,1,1,0,0,0,0,0,0,0,0,0,2,0,607,0,1,608,0
182,149,0,243,154,2,3,64,0,3,1,0,0,0,0,0,0,0,0,0,0,1,0,0,0,0,0,0,0,0,0,471,0,4,475,0
183,149(A),2,300,173,4,1,24,0,1,0,2,0,0,0,1,0,0,1,3,0,1,1,0,0,0,0,0,0,5,0,519,0,5,524,0
184,150,0,230,183,0,8,73,0,3,0,1,0,0,0,0,0,1,1,0,0,0,0,0,0,0,0,0,0,2,1,503,0,6,509,0
185,150(A),1,260,197,2,5,34,0,5,1,0,0,2,0,0,1,3,0,1,1,0,0,1,0,0,0,1,1,3,1,520,0,1,521,0
186,151,0,292,209,2,1,43,1,4,0,1,1,0,1,1,0,3,0,0,0,2,0,1,0,0,0,0,0,3,1,566,0,4,570,0
187,152,1,236,183,1,5,52,0,3,0,2,0,0,0,1,0,1,0,0,0,0,1,0,0,0,0,0,0,0,0,486,0,5,491,0
188,152(A),3,267,188,3,3,31,1,1,1,0,0,0,0,0,1,1,0,1,1,2,0,0,0,0,0,0,0,3,1,508,0,1,509,0
189,153,1,287,318,1,3,61,0,6,0,2,0,0,2,2,3,1,1,2,1,1,0,0,1,0,0,0,0,3,1,697,0,6,703,0
190,154,1,376,308,5,4,79,0,2,0,0,0,0,1,2,1,3,1,2,2,3,0,1,0,0,0,0,3,4,1,799,0,4,803,0
191,155,1,229,201,2,2,70,0,6,0,0,0,0,0,0,0,0,0,1,0,1,0,1,0,0,0,0,0,2,0,516,0,3,519,0
192,155(A),0,250,182,1,1,20,1,6,0,0,0,0,0,0,2,3,0,0,0,1,1,0,0,2,0,0,2,1,0,473,0,3,476,0
193,156,6,362,370,1,10,68,1,3,0,1,1,0,1,1,1,1,2,0,2,2,0,0,0,1,0,0,0,1,0,835,0,4,839,0
194,157,3,346,299,2,2,44,0,6,1,3,1,0,1,1,1,1,1,1,1,0,0,1,0,0,0,0,0,2,2,719,0,3,722,0
195,158,0,364,237,1,3,43,0,9,0,1,1,0,1,0,2,3,0,2,1,0,2,0,0,0,0,0,2,3,0,675,0,3,678,0
196,159,0,292,178,1,2,62,0,1,0,2,1,0,0,0,0,0,0,0,0,1,0,0,0,0,0,0,0,0,0,540,0,6,546,0
197,159(A),2,319,177,2,3,34,0,2,1,1,0,1,0,1,2,0,0,3,0,1,0,0,0,0,0,0,0,1,1,551,0,4,555,0
198,160,4,419,398,2,10,53,0,4,0,1,0,0,0,0,0,2,0,2,6,0,1,0,0,0,0,0,0,0,0,902,0,4,906,0
199,161,1,212,153,2,3,66,1,1,0,0,0,0,0,0,0,0,0,4,0,0,0,0,0,1,0,1,0,0,0,445,0,2,447,0
200,161(A),3,239,200,2,4,37,0,1,1,0,0,0,0,0,0,1,0,0,3,0,0,0,0,0,0,1,0,0,1,493,0,2,495,0
201,162,2,317,411,2,5,46,0,3,0,2,1,0,0,0,2,2,0,5,1,1,0,0,0,0,0,0,2,2,0,804,0,8,812,0
202,163,1,321,472,3,4,53,1,3,1,1,1,1,2,1,0,1,0,2,1,2,0,2,0,0,1,2,1,2,2,881,0,8,889,0
203,164,1,280,378,4,6,39,2,2,0,1,0,0,0,1,0,0,3,1,3,2,0,0,0,0,1,1,1,0,0,726,0,3,729,0
204,165,1,221,172,0,9,56,2,13,1,0,0,0,0,0,0,0,0,0,0,1,0,1,0,0,0,0,0,0,0,477,0,5,482,0
205,165(A),3,253,153,1,6,33,1,14,0,0,0,0,0,0,0,3,0,0,1,0,0,0,0,0,0,0,0,0,1,469,0,8,477,0
206,166,5,336,389,3,6,71,0,1,3,0,1,3,2,1,0,2,1,2,2,2,0,0,0,0,1,1,0,4,2,838,0,9,847,0
207,167,0,274,166,0,2,48,0,9,0,1,0,0,0,0,0,1,2,2,1,0,0,0,0,0,1,0,1,2,1,511,0,5,516,0
208,168,1,432,384,8,4,43,0,2,0,0,0,0,0,1,4,1,2,0,0,2,0,0,0,0,0,0,0,0,1,885,0,3,888,0
209,169,2,390,271,0,2,56,0,8,0,0,0,0,1,0,0,0,1,2,1,0,1,1,0,1,0,1,0,2,0,740,0,6,746,0
210,170,3,466,217,0,11,75,0,28,0,1,0,0,0,0,1,1,1,4,0,0,0,0,0,0,0,2,1,0,2,813,0,7,820,0
211,171,2,421,239,0,2,62,0,18,0,2,2,0,1,0,1,0,0,2,0,2,0,1,0,0,0,0,0,0,1,756,0,3,759,0
212,172,0,264,76,0,4,29,0,1,0,0,0,0,0,0,0,0,0,1,0,0,0,0,0,0,0,0,0,1,0,376,0,3,379,0
213,172(A),2,400,48,0,1,9,0,3,0,0,0,0,0,0,1,0,0,2,0,0,0,0,0,0,0,0,0,1,1,468,0,0,468,0
214,173,2,318,229,0,12,28,0,13,0,0,0,0,0,0,0,0,1,2,1,1,0,0,0,0,0,0,0,0,1,608,0,3,611,0
215,174,1,266,124,1,5,43,0,22,0,1,0,1,0,0,1,0,0,2,0,1,0,0,0,0,0,0,0,0,0,468,0,5,473,0
216,174(A),1,303,149,0,1,29,1,21,0,1,0,0,0,0,0,0,0,0,0,0,0,0,0,0,0,0,0,1,0,507,0,4,511,0
217,175,0,441,244,0,5,65,1,7,4,0,0,0,0,1,1,0,0,0,0,0,0,0,0,0,0,0,0,0,0,769,0,4,773,0
218,176,2,534,207,1,3,57,0,7,3,0,0,0,0,0,0,2,1,6,0,1,2,0,0,0,1,0,0,0,1,828,0,5,833,0
219,177,1,370,145,2,8,44,0,32,3,1,0,0,0,0,0,0,1,2,0,0,0,0,0,0,0,0,0,0,0,609,0,8,617,0
220,178,3,424,195,0,6,66,0,12,18,0,0,0,0,0,0,1,0,3,1,0,0,0,0,0,0,0,1,0,0,730,0,3,733,0
221,179,4,478,178,0,4,49,0,2,7,2,0,0,0,0,1,0,0,6,1,0,0,0,0,0,0,0,0,0,1,733,0,0,733,0
222,180,0,487,208,1,8,61,0,30,3,2,0,0,0,0,0,2,1,0,0,0,0,0,0,0,1,0,0,1,0,805,0,3,808,0
223,181,2,374,143,1,9,35,0,12,0,0,0,0,0,0,0,1,2,1,4,0,0,0,0,0,0,0,0,2,1,587,0,1,588,0
224,182,3,290,186,0,1,33,0,6,1,0,0,0,0,0,0,0,0,0,0,0,0,0,0,0,0,1,0,1,1,523,0,2,525,0
225,183,1,422,262,3,4,54,0,21,3,0,0,0,0,1,0,1,1,3,1,0,0,1,1,0,1,0,0,0,0,780,0,7,787,0
226,184,1,230,100,0,1,49,0,2,0,0,0,0,0,0,0,0,0,3,1,0,1,0,0,0,0,0,0,1,0,389,0,3,392,0
227,184(A),0,292,98,0,2,14,0,3,0,0,0,0,0,0,0,1,1,0,0,0,0,1,1,0,0,0,0,0,1,414,0,1,415,0
228,185,2,534,173,3,11,46,0,15,2,1,1,0,0,0,0,0,2,1,1,0,0,0,0,0,0,1,0,3,2,798,0,2,800,0
229,186,0,251,177,2,10,33,0,9,0,0,0,0,0,0,0,0,0,0,0,0,0,0,0,0,0,0,0,1,0,483,0,4,487,0
230,187,1,317,102,0,19,40,0,11,0,2,0,0,0,0,0,0,0,0,0,0,0,0,0,0,1,0,0,0,1,494,0,2,496,0
231,187(A),0,349,103,1,16,34,0,18,0,1,1,0,0,0,0,0,1,0,0,0,0,0,0,3,0,0,0,1,3,531,0,4,535,0
232,188,0,277,85,0,15,45,0,12,0,1,0,0,0,0,0,0,0,1,0,0,0,0,0,0,0,0,0,0,0,436,0,3,439,0
233,188(A),1,299,118,1,4,25,0,15,0,1,0,1,0,0,0,0,0,0,0,0,0,0,1,0,0,0,1,2,1,470,0,2,472,0
234,189,0,287,79,0,12,45,0,9,0,0,0,0,0,1,0,0,0,0,0,0,0,0,0,0,0,0,0,0,0,433,0,3,436,0
235,189(A),1,336,92,1,7,17,0,8,0,1,0,0,0,0,0,0,1,3,0,0,0,1,0,0,0,0,0,0,2,470,0,1,471,0
236,190,0,432,111,1,7,65,0,21,1,1,0,0,0,0,0,0,0,1,0,1,0,0,0,0,1,0,0,0,0,642,0,1,643,0
237,191,2,465,216,0,2,38,1,11,3,2,2,0,0,0,1,0,0,1,0,0,0,0,3,1,0,0,0,1,0,749,0,3,752,0
238,192,3,186,140,1,2,50,0,5,0,0,0,1,0,2,1,0,0,0,0,0,0,0,0,0,0,1,0,0,0,392,0,7,399,0
239,192(A),2,246,145,1,0,33,1,12,0,2,0,1,0,0,2,0,1,1,0,1,0,0,1,0,1,0,0,0,1,451,0,3,454,0
240,193,1,323,230,0,2,68,3,27,0,1,0,0,0,0,0,0,1,1,2,0,0,0,0,0,0,0,0,0,0,659,0,6,665,0
241,194,0,332,136,0,1,23,0,15,0,1,0,0,0,0,0,0,0,1,0,0,0,0,0,0,0,0,1,0,0,510,0,6,516,0
242,195,0,265,126,0,5,43,1,9,0,2,1,0,0,0,0,0,1,2,0,1,0,0,0,0,1,0,0,0,1,458,0,5,463,0
243,195(A),2,278,144,0,2,22,0,7,1,1,0,0,0,0,1,0,0,2,1,0,0,0,0,0,0,0,0,1,2,464,0,5,469,0
244,196,0,283,349,0,5,27,1,6,0,0,0,2,0,0,1,0,0,0,0,1,0,0,0,0,0,0,0,2,0,677,0,3,680,0
245,197,2,469,117,0,4,30,0,1,0,1,0,0,0,1,5,0,1,8,0,0,0,0,1,0,0,0,0,1,1,642,0,3,645,0
246,198,0,314,173,0,11,45,1,11,0,0,0,0,1,1,0,0,2,1,1,0,0,0,0,0,0,2,0,1,1,565,0,3,568,0
247,199,1,410,225,3,6,63,3,13,0,2,1,0,1,0,0,0,0,4,0,1,0,2,1,2,0,0,0,2,1,741,0,6,747,0
248,200,0,275,122,2,10,69,0,13,0,1,0,0,0,0,0,0,0,1,0,0,0,0,1,0,0,1,0,0,0,495,0,8,503,0
249,200(A),1,347,140,2,8,29,0,17,0,0,0,0,0,1,0,0,0,3,0,1,0,0,0,0,0,1,0,0,0,550,0,4,554,0
250,201,1,380,196,3,11,80,1,9,1,1,1,0,0,0,2,1,4,10,3,2,1,1,0,0,0,0,0,2,2,712,0,8,720,0
251,202,0,440,132,1,3,35,1,18,0,3,0,0,0,0,0,1,0,2,1,0,0,0,0,0,2,1,0,1,1,642,0,11,653,0
252,203,1,326,132,0,10,44,1,21,1,0,0,0,0,0,0,0,0,1,0,0,0,0,0,0,0,1,0,0,1,539,0,11,550,0
253,204,1,310,97,2,5,42,0,9,0,0,0,1,0,0,0,0,1,1,0,0,0,0,0,0,0,1,0,0,0,470,0,4,474,0
254,204(A),0,305,101,0,2,15,1,5,0,2,0,0,1,2,0,2,0,1,0,0,0,0,0,0,0,0,0,2,0,439,0,5,444,0
255,205,1,231,83,0,4,35,1,8,0,1,0,0,0,0,0,0,0,2,0,0,0,0,0,0,0,1,0,1,0,368,0,1,369,0
256,205(A),3,280,74,2,1,19,0,11,0,0,0,0,0,1,1,0,1,2,0,0,1,0,0,1,0,0,3,1,0,401,0,3,404,0
257,206,0,222,98,1,3,50,1,16,0,2,0,2,0,0,0,0,0,1,0,0,0,0,0,1,0,2,0,0,0,399,0,5,404,0
258,206(A),0,237,97,2,4,34,0,14,0,0,0,0,0,1,2,1,0,2,0,1,0,3,0,0,0,4,0,0,0,402,0,6,408,0
259,207,1,481,115,1,2,42,1,8,1,3,0,0,0,0,2,0,0,0,0,0,0,0,0,0,0,0,0,0,0,657,0,2,659,0
260,208,0,182,77,0,8,73,0,10,0,1,0,0,0,0,0,0,0,0,0,0,0,0,0,0,0,3,0,0,0,354,0,2,356,0
261,208(A),3,218,120,1,3,32,0,13,0,0,0,0,0,0,0,1,0,1,0,0,0,0,0,0,0,3,0,1,0,396,0,3,399,0
262,209,3,387,174,1,3,52,2,16,0,1,0,0,0,0,0,0,2,4,0,0,0,0,0,0,0,11,0,0,1,657,0,5,662,0
263,210,0,285,90,0,3,65,0,8,0,0,1,0,0,0,0,0,2,0,0,0,0,0,0,0,0,0,0,0,0,454,0,5,459,0
264,210(A),0,335,111,0,7,33,0,9,0,0,0,0,0,0,0,0,1,2,0,0,0,1,1,0,0,0,1,1,2,504,0,4,508,0
265,211,0,280,154,1,9,52,0,28,1,1,1,0,0,0,0,0,0,0,0,0,0,0,0,0,0,2,0,1,0,530,0,9,539,0
266,211(A),1,280,181,0,2,26,0,25,0,0,3,0,0,0,0,1,0,2,0,0,0,0,1,0,0,2,0,0,0,524,0,8,532,0
267,212,0,249,107,1,5,65,0,6,0,1,0,0,0,1,0,0,0,0,0,0,0,0,0,0,0,0,0,0,0,435,0,4,439,0
268,212(A),0,301,143,0,4,32,0,8,0,0,0,0,0,2,3,1,1,0,0,0,1,0,0,0,0,0,0,4,1,501,0,2,503,0
269,213,4,349,131,0,3,33,0,5,0,0,0,0,0,0,0,0,0,2,0,0,0,0,0,0,0,0,0,1,0,528,0,1,529,0
270,214,0,296,298,4,6,39,0,0,1,0,0,2,0,0,1,1,0,2,1,0,0,0,0,0,0,0,0,2,0,653,0,3,656,0
271,215,2,552,181,2,11,68,0,1,0,1,2,1,1,0,1,0,0,1,0,1,0,0,0,0,1,0,0,3,1,830,0,1,831,0
272,216,1,338,293,0,11,47,0,2,1,0,0,1,1,0,1,1,0,0,3,0,0,0,1,0,0,1,0,4,2,708,0,3,711,0
273,217,0,372,218,1,7,58,0,9,0,1,2,0,1,0,1,1,0,0,0,0,0,0,0,0,0,0,0,1,0,672,0,1,673,0
274,218,2,371,182,1,9,52,0,3,0,1,0,0,1,0,0,0,1,2,0,1,0,0,0,1,0,0,0,3,0,630,0,1,631,0
275,219,1,396,224,1,4,73,0,9,1,1,0,0,0,0,0,2,2,0,0,0,0,0,0,0,1,0,0,2,1,718,0,4,722,0
276,220,1,307,139,1,10,56,0,10,1,1,0,1,2,0,4,0,0,5,0,0,0,0,0,0,0,0,0,1,1,540,0,2,542,0
277,221,1,411,268,4,5,76,0,1,1,1,1,0,1,1,0,0,1,2,0,0,0,0,0,1,0,0,2,5,2,784,0,3,787,0
278,222,1,246,170,0,2,71,0,3,0,0,0,1,0,0,1,2,0,0,0,0,0,0,0,0,1,0,1,1,0,500,0,1,501,0
279,222(A),0,223,163,2,4,37,1,0,1,0,0,1,0,0,0,0,1,2,0,1,0,1,0,0,1,2,0,2,0,442,0,1,443,0
280,223,3,288,180,0,8,52,0,3,0,0,0,1,0,0,0,0,0,1,0,0,0,0,0,0,0,0,0,0,1,537,0,1,538,0
281,223(A),1,284,203,4,0,22,1,0,2,0,0,1,1,2,2,4,0,3,1,0,0,0,0,0,1,0,3,3,1,539,0,1,540,0
282,224,1,333,173,0,2,58,1,1,0,0,0,0,2,3,4,1,0,3,0,0,0,0,0,0,0,1,0,3,1,587,0,4,591,0
283,225,0,324,298,1,6,38,1,0,1,0,0,0,0,0,0,2,1,3,2,2,0,0,0,0,0,0,1,4,1,685,0,3,688,0
284,226,2,371,144,2,5,41,0,1,0,0,0,0,0,0,0,0,0,4,2,1,0,0,0,0,0,0,0,2,2,577,0,1,578,0
285,227,3,367,247,0,2,25,1,2,0,2,0,2,0,2,1,2,1,5,2,0,0,1,1,1,0,0,1,6,1,675,0,4,679,0
286,228,1,492,178,1,12,28,0,3,0,0,0,0,0,0,2,3,0,1,0,0,0,0,0,0,0,0,1,1,0,723,0,3,726,0
287,229,1,172,110,0,3,26,0,2,0,0,0,0,0,0,0,0,0,2,0,0,0,1,0,0,0,0,0,0,0,317,0,0,317,0
288,230,2,270,260,15,1,35,0,4,0,0,0,0,0,0,0,0,0,1,0,1,1,0,0,0,0,0,0,3,2,595,0,3,598,0
289,231,1,337,191,5,2,32,1,5,0,1,0,0,0,0,0,0,0,1,0,1,0,0,0,0,0,0,0,3,0,580,0,1,581,0
290,232,4,456,243,2,5,72,0,2,0,1,0,0,1,1,0,1,2,7,0,0,0,0,0,0,1,0,0,3,1,802,0,3,805,0
291,233,0,261,186,1,1,33,0,4,0,1,0,0,0,0,0,0,1,0,0,0,0,0,0,0,0,0,0,2,0,490,0,2,492,0
292,234,1,422,194,4,4,60,0,10,0,0,1,0,0,0,0,0,0,1,0,0,0,0,0,1,0,0,1,0,0,699,0,8,707,0
293,235,2,470,229,2,4,46,2,5,0,0,0,1,1,0,1,2,2,1,0,2,0,0,0,0,0,0,0,2,0,772,0,3,775,0
294,236,0,238,80,1,4,19,0,0,0,0,0,3,0,0,0,0,0,0,0,0,0,0,0,0,0,0,0,0,0,345,0,0,345,0
295,237,2,227,134,1,12,49,0,0,0,0,0,0,0,1,0,0,0,1,0,0,1,0,0,0,0,0,0,0,0,428,0,6,434,0
296,237(A),3,276,149,0,3,26,0,3,0,0,0,0,0,0,0,1,2,0,0,2,0,0,0,0,0,0,0,5,1,471,0,3,474,0
297,238,2,441,232,2,11,65,0,8,0,0,2,0,1,1,2,3,1,3,0,0,0,0,0,1,0,0,0,5,1,781,0,6,787,0
298,239,0,282,181,1,3,48,0,2,0,0,0,0,2,1,0,0,0,0,0,1,0,0,0,0,0,0,0,2,0,523,0,1,524,0
299,239(A),2,320,191,0,1,21,0,0,1,0,0,0,0,0,0,2,0,3,2,2,0,1,0,0,0,0,0,9,2,557,0,6,563,0
300,240,0,265,131,0,7,37,0,3,1,1,0,0,0,0,0,0,0,0,0,0,0,0,0,0,0,0,0,0,0,445,0,3,448,0
301,240(A),0,288,143,2,4,13,0,2,0,0,0,0,1,0,0,0,0,1,0,0,0,0,0,0,0,0,0,1,0,455,0,2,457,0
302,241,1,391,238,0,13,43,0,5,1,0,0,2,0,0,0,1,0,2,2,0,0,2,0,0,0,0,0,1,1,703,0,6,709,0
303,242,1,261,132,1,9,35,0,2,0,0,0,0,0,0,1,0,0,1,0,1,0,1,0,0,0,0,0,0,1,446,0,1,447,0
304,242(A),2,321,128,0,3,15,0,2,0,0,0,0,1,0,2,0,1,2,0,1,0,0,0,0,0,0,0,0,0,478,0,4,482,0
305,243,0,233,362,1,27,40,1,3,0,1,1,2,1,0,1,1,0,0,1,0,0,0,1,0,0,1,0,0,0,677,0,0,677,0
306,244,3,203,378,2,3,35,0,6,0,1,0,0,0,1,0,0,0,1,1,1,0,0,0,1,0,0,0,0,0,636,0,6,642,0
307,245,1,275,107,0,3,57,0,2,0,0,0,0,0,1,1,0,0,0,0,1,0,0,0,0,0,0,0,2,0,450,0,1,451,0
308,245(A),1,361,113,2,4,22,0,6,0,0,0,0,0,0,1,0,1,3,0,1,0,0,0,0,0,0,0,0,0,515,0,0,515,0
309,246,2,376,191,2,5,36,0,2,0,0,2,0,1,0,0,2,0,0,0,0,0,0,0,0,0,0,0,4,1,624,0,2,626,0
310,247,0,466,199,2,11,65,0,4,2,0,0,0,0,0,0,0,0,2,1,1,0,0,0,0,0,1,0,1,0,755,0,4,759,0
311,248,1,481,180,1,5,62,0,2,0,0,0,0,1,0,0,1,0,2,1,1,0,0,0,1,0,1,0,3,1,744,0,0,744,0
312,249,0,393,194,1,7,43,0,3,3,0,0,0,0,0,0,0,0,4,2,0,0,0,0,0,0,0,0,1,2,653,0,1,654,0
313,250,1,440,230,0,5,29,0,3,0,1,0,0,0,0,3,1,2,1,1,0,0,0,0,0,0,1,0,1,0,719,0,5,724,0
314,251,3,423,127,2,3,37,0,28,0,1,0,0,0,0,0,1,2,1,0,0,0,0,0,0,0,0,0,0,0,628,0,7,635,0
315,252,0,249,178,0,4,21,0,9,0,0,0,1,0,0,0,0,1,1,0,0,0,0,0,1,0,0,1,0,1,467,0,0,467,0
316,253,0,337,49,3,5,27,0,6,0,0,0,0,0,0,1,2,0,1,0,0,0,0,1,0,0,0,0,1,1,434,0,1,435,0
317,254,4,378,240,1,4,53,2,8,1,1,3,0,0,1,0,2,0,3,0,1,0,0,0,0,0,0,0,0,0,702,0,4,706,0
318,255,2,465,140,0,1,46,0,6,1,1,0,0,0,0,1,0,0,2,0,0,0,0,0,0,0,0,0,0,0,665,0,2,667,0
319,256,2,522,92,0,7,44,0,7,1,1,0,0,0,0,1,0,0,2,0,1,0,0,0,0,1,0,0,1,0,682,0,2,684,0
320,257,0,275,87,0,3,28,0,27,1,1,1,0,0,0,0,0,1,0,0,0,0,0,0,0,0,1,0,0,0,425,0,0,425,0
321,258,0,403,103,1,15,42,1,18,0,0,0,2,0,0,0,2,0,1,1,0,0,1,1,0,1,0,0,0,0,592,0,2,594,0
322,259,4,339,84,2,5,31,0,34,1,1,1,0,0,0,0,0,0,0,0,0,0,0,0,0,0,0,0,0,0,502,0,15,517,0
323,260,0,170,62,2,0,8,0,17,0,0,0,0,0,0,0,0,1,0,0,0,0,0,0,0,0,0,0,0,0,260,0,2,262,0
324,261,1,221,83,0,3,20,0,12,0,0,1,0,0,0,0,1,0,0,0,0,0,0,0,0,0,0,0,0,0,342,0,1,343,0
325,262,0,202,121,0,6,36,0,25,0,1,0,1,0,0,0,0,0,1,0,0,0,0,1,0,0,0,0,1,0,395,0,6,401,0
326,262(A),1,197,135,0,3,19,0,27,0,0,1,0,0,0,1,0,1,0,0,1,0,0,0,0,0,0,0,0,0,386,0,1,387,0
327,263,1,212,133,0,9,51,0,14,0,1,0,0,0,0,0,0,1,1,0,0,0,0,0,0,2,0,0,0,0,425,0,9,434,0
328,263(A),0,247,135,0,3,22,0,19,0,0,1,0,0,0,0,1,0,1,0,0,0,0,0,0,2,0,1,0,0,432,0,4,436,0
329,264,0,221,168,0,9,31,0,26,0,1,1,0,0,0,1,1,2,0,0,0,0,0,0,0,0,1,0,1,0,463,0,9,472,0
330,265,0,262,113,2,3,34,0,30,1,4,1,0,0,0,0,0,0,0,0,0,0,1,1,0,0,0,0,0,0,452,0,8,460,0
331,266,1,227,73,2,2,13,0,19,0,1,2,0,0,0,1,0,1,1,0,0,0,0,0,0,0,0,0,0,0,343,0,4,347,0
332,267,0,241,43,0,3,30,0,4,0,0,0,0,0,0,0,0,0,2,0,0,0,0,0,0,0,0,1,2,0,326,0,1,327,0
333,268,0,208,53,0,1,32,0,12,0,1,0,0,0,0,0,0,2,1,0,0,0,0,0,0,0,0,0,0,0,310,0,3,313,0
334,268(A),2,223,68,0,1,18,0,12,0,0,0,0,0,1,0,0,0,1,0,0,0,0,0,0,0,1,0,0,0,327,0,4,331,0
335,269,0,396,134,0,72,34,0,11,1,2,0,0,0,0,0,0,0,3,0,0,0,0,0,0,0,0,0,1,0,654,0,4,658,0
336,270,0,263,159,0,6,24,0,35,1,1,0,12,0,0,0,0,3,1,1,0,0,0,0,0,0,0,0,0,0,506,0,4,510,0
337,271,1,146,139,2,1,21,0,24,0,2,0,1,0,0,0,0,0,2,0,1,0,0,0,0,1,0,0,0,0,341,0,8,349,0
338,272,1,147,117,0,13,31,0,11,0,0,2,0,0,0,0,0,0,1,0,0,0,0,0,0,0,1,0,0,0,324,0,12,336,0
339,272(A),0,176,121,0,7,26,0,17,0,0,0,1,0,0,0,0,0,1,0,0,0,0,0,0,0,3,0,0,0,352,0,2,354,0
340,273,0,208,89,0,6,33,0,13,2,1,0,0,0,0,0,0,0,0,0,0,0,0,0,0,3,0,1,1,0,357,0,10,367,0
341,273(A),1,201,103,0,2,19,0,23,0,1,0,1,0,0,0,1,3,0,0,0,0,0,0,0,1,0,0,1,0,357,0,8,365,0
