Sl. No,Polling Station No,"P DHANAPAL, AIADMK","P DURAISAMY, BSP","K MEERA, DMDK","K SUBRAMANI, KMMDI",SHOBA NTK,"A VENKATESWARAN, MNM",ANNAMALAI IND,"P ARUMUGAM, IND","T SAKUNTHALA, IND","R MURUGESAN, IND","P RANGASAMY, IND",Total Valid Votes,Rejected Votes,NOTA,Total Votes,Tendered Votes
1,1,136,233,5,1,0,21,12,0,0,1,1,2,412,0,4,416,0
2,1A,130,245,2,5,1,25,7,1,0,0,0,2,418,0,2,420,0
3,2,194,251,2,3,0,8,7,0,0,1,1,3,470,0,4,474,0
4,3,268,320,5,3,0,19,11,0,1,0,4,4,635,0,4,639,0
5,4,82,363,2,4,0,11,5,0,0,0,1,1,469,0,5,474,0
6,4A,79,239,1,6,0,20,7,1,0,1,0,0,354,0,5,359,0
7,5,179,339,2,4,2,46,6,0,1,1,4,0,584,0,3,587,0
8,6,282,374,3,1,0,29,3,0,0,1,0,1,694,0,4,698,0
9,7,195,386,3,2,0,14,10,0,1,0,2,1,614,0,4,618,0
10,8,134,319,1,13,0,29,6,0,0,0,1,1,504,0,4,508,0
11,8A,134,265,0,72,0,50,6,1,0,1,0,1,530,0,4,534,0
12,9,134,342,2,7,0,18,7,0,0,0,2,2,514,0,5,519,0
13,10,121,415,5,7,2,21,10,1,1,1,2,4,590,0,8,598,0
14,11,271,274,1,14,0,46,32,0,1,0,1,0,640,0,3,643,0
15,12,185,185,1,7,0,21,27,2,0,0,0,1,429,0,8,437,0
16,13,160,368,1,15,1,47,30,1,0,3,4,4,634,0,6,640,0
17,14,177,260,2,6,0,24,27,0,1,0,1,2,500,0,8,508,0
18,14A,112,308,1,8,1,24,8,8,0,0,0,2,472,0,7,479,0
19,15,268,325,3,10,2,41,23,1,0,0,0,2,675,0,4,679,0
20,16,123,170,0,5,0,24,17,0,0,0,0,3,342,0,4,346,0
21,17,116,144,2,4,0,24,5,1,2,0,1,0,299,0,2,301,0
22,18,258,158,3,7,0,20,16,0,0,0,1,1,464,0,4,468,0
23,19,221,340,1,8,1,25,8,0,0,0,1,1,606,0,2,608,0
24,20,217,232,2,5,0,12,10,0,0,0,0,2,480,0,2,482,0
25,20A,184,205,1,2,0,28,20,0,0,0,1,0,441,0,6,447,0
26,21,330,390,3,2,0,18,13,0,0,1,1,3,761,0,6,767,0
27,22,196,188,3,10,0,29,9,2,1,1,0,1,440,0,5,445,0
28,22A,172,159,2,4,1,35,17,0,0,0,0,0,390,0,9,399,0
29,23,270,311,6,25,2,36,22,0,0,2,3,5,682,0,11,693,0
30,24,125,435,4,4,0,37,5,0,0,1,0,1,612,0,5,617,0
31,25,199,332,2,13,0,36,21,0,1,1,0,0,605,0,8,613,0
32,26,162,310,2,19,1,26,19,0,0,0,2,1,542,0,3,545,0
33,27,143,274,2,3,0,21,20,1,0,0,0,5,469,0,4,473,0
34,27A,145,296,1,9,0,15,11,0,0,0,1,3,481,0,4,485,0
35,28,130,380,10,6,0,15,24,0,1,1,2,5,574,0,11,585,0
36,29,231,376,2,4,0,26,36,1,0,0,2,4,682,0,8,690,0
37,30,117,255,0,2,2,39,13,2,1,1,2,2,436,0,10,446,0
38,30A,118,256,0,2,0,49,27,0,0,2,3,4,461,0,9,470,0
39,31,177,252,2,10,1,33,21,0,2,1,0,2,501,0,7,508,0
40,32,182,404,1,4,1,34,35,1,0,1,1,1,665,0,8,673,0
41,33,247,379,5,8,0,38,30,1,1,1,2,4,716,0,8,724,0
42,34,281,205,2,4,0,19,15,1,0,1,1,2,531,0,3,534,0
43,34A,163,275,3,6,0,25,19,1,0,0,2,4,498,0,9,507,0
44,35,113,287,1,3,1,31,41,1,0,1,0,2,481,0,5,486,0
45,35A,81,313,2,2,0,15,26,1,0,1,0,0,441,0,5,446,0
46,36,135,203,0,2,0,6,62,0,1,0,0,0,409,0,4,413,0
47,36A,133,194,0,0,0,13,57,2,0,1,0,0,400,0,10,410,0
48,37,108,125,0,2,0,13,35,0,0,0,0,0,283,0,5,288,0
49,38,192,171,2,7,0,19,31,0,0,0,1,1,424,0,4,428,0
50,39,313,206,1,7,0,20,50,0,0,1,2,0,600,0,9,609,0
51,40,197,176,1,2,0,33,29,0,0,0,0,0,438,0,3,441,0
52,40A,194,167,1,7,0,13,17,0,0,0,0,0,399,0,5,404,0
53,41,191,105,0,2,0,15,14,0,0,0,0,0,327,0,3,330,0
54,41A,236,110,0,4,0,21,22,0,0,0,0,1,394,0,2,396,0
55,42,236,216,1,3,0,38,33,1,0,0,0,1,529,0,2,531,0
56,42A,154,129,2,5,0,11,16,0,0,0,0,0,317,0,4,321,0
57,43,165,306,2,5,0,25,60,1,0,1,1,0,566,0,4,570,0
58,44,184,169,1,5,1,15,38,0,0,2,0,0,415,0,1,416,0
59,44A,148,167,0,1,0,24,29,0,1,0,0,1,371,0,1,372,0
60,45,140,152,1,6,1,19,37,1,0,0,1,0,358,0,2,360,0
61,46,178,327,0,4,0,14,14,0,0,0,0,0,537,0,6,543,0
62,47,245,297,4,7,0,21,17,0,0,1,1,1,594,0,7,601,0
63,48,176,325,1,12,0,32,22,0,1,0,0,0,569,0,7,576,0
64,49,179,410,1,8,0,23,31,1,0,1,2,3,659,0,5,664,0
65,50,215,233,2,3,0,20,13,0,0,1,3,2,492,0,3,495,0
66,50A,160,234,3,2,0,32,12,0,0,0,0,0,443,0,5,448,0
67,51,249,365,4,11,0,37,23,2,1,0,1,3,696,0,11,707,0
68,52,221,284,1,4,0,18,12,1,2,0,0,1,544,0,3,547,0
69,53,191,213,1,9,0,13,10,0,0,1,2,2,442,0,2,444,0
70,54,166,251,2,2,0,10,18,1,0,0,0,1,451,0,9,460,0
71,54A,154,289,1,6,0,13,8,0,0,0,3,0,474,0,10,484,0
72,55,310,402,3,13,1,42,4,2,0,2,2,4,785,0,17,802,1
73,56,173,339,1,6,0,55,14,0,1,0,2,2,593,0,6,599,0
74,57,147,275,4,1,0,31,17,0,1,0,1,1,478,0,4,482,0
75,58,349,346,11,14,0,44,10,3,1,0,2,6,786,0,14,800,0
76,59,157,302,4,6,0,20,3,0,1,0,0,5,498,0,6,504,0
77,60,120,269,3,3,0,22,4,0,1,3,1,2,428,0,4,432,0
78,60A,174,209,2,2,0,24,15,0,0,0,1,2,429,0,7,436,0
79,61,280,402,4,2,1,9,6,0,0,1,2,3,710,0,6,716,0
80,62,194,421,5,2,0,31,10,2,0,3,3,3,674,0,9,683,0
81,63,131,347,3,12,0,14,4,0,3,1,4,0,519,0,7,526,0
82,64,185,285,1,10,0,19,8,0,0,0,1,2,511,0,3,514,0
83,64A,93,311,1,3,0,17,8,0,0,0,1,0,434,0,5,439,0
84,65,381,312,3,3,0,36,41,0,0,0,0,2,778,0,17,795,0
85,66,367,395,5,2,0,38,28,0,1,0,3,3,842,0,2,844,0
86,67,168,353,1,2,0,31,37,1,0,2,0,1,596,0,3,599,0
87,68,183,439,3,4,0,26,65,1,0,0,0,2,723,0,7,730,0
88,69,150,243,2,3,0,17,24,1,0,1,1,0,442,0,4,446,0
89,69A,171,161,0,1,0,23,54,0,0,0,0,0,410,0,7,417,0
90,70,107,201,1,1,0,17,42,0,0,1,0,0,370,0,2,372,0
91,71,101,449,4,6,1,34,21,1,0,1,0,1,619,0,5,624,0
92,72,107,335,1,8,0,13,6,1,1,0,0,0,472,0,7,479,0
93,73,139,412,6,3,0,23,5,0,0,1,2,0,591,0,10,601,0
94,74,159,360,4,5,0,35,16,1,1,0,2,1,584,0,6,590,0
95,75,383,371,2,6,0,17,32,0,3,0,1,0,815,0,7,822,0
96,76,212,233,1,6,1,25,28,1,1,0,0,1,509,0,2,511,0
97,76A,212,181,0,17,0,20,9,0,0,0,0,0,439,0,3,442,0
98,77,151,289,3,4,1,43,21,1,0,0,0,0,513,0,11,524,0
99,78,128,325,0,7,1,34,28,1,0,0,0,1,525,0,5,530,0
100,79,240,392,0,1,1,41,27,0,0,0,2,2,706,0,11,717,0
101,80,203,357,0,8,1,48,13,2,1,1,1,1,636,0,8,644,0
102,81,143,297,3,6,2,49,21,0,0,0,0,1,522,0,7,529,0
103,82,210,348,2,5,2,44,19,0,0,0,1,0,631,0,7,638,0
104,83,115,247,0,1,0,41,13,0,0,0,0,1,418,0,3,421,0
105,84,241,381,2,6,1,52,24,0,8,0,2,5,722,0,10,732,0
106,85,98,566,2,1,0,46,9,1,0,1,2,1,727,0,7,734,0
107,86,177,242,0,1,0,23,12,0,0,0,0,1,456,0,0,456,0
108,86A,106,265,1,4,0,20,5,0,0,0,1,2,404,0,3,407,0
109,87,123,178,0,10,0,36,8,0,0,0,0,0,355,0,5,360,0
110,88,199,228,2,4,0,20,16,0,1,1,0,1,472,0,9,481,0
111,88A,131,142,2,5,0,36,27,0,0,1,0,0,344,0,4,348,0
112,89,175,365,1,8,3,50,19,0,0,0,1,0,622,0,6,628,0
113,90,157,198,0,6,1,66,55,0,0,0,1,0,484,0,6,490,0
114,91,115,140,0,0,2,19,27,0,0,0,0,1,304,0,4,308,0
115,92,123,234,2,0,1,22,32,0,1,0,3,0,418,0,7,425,0
116,93,158,217,0,4,0,41,16,0,0,0,0,0,436,0,5,441,0
117,93A,138,193,2,4,1,23,15,0,1,0,0,0,377,0,1,378,0
118,94,170,364,3,8,1,22,19,0,0,0,0,1,588,0,8,596,0
119,95,88,342,2,1,1,31,5,0,0,0,2,0,472,0,3,475,0
120,95A,125,274,2,7,0,26,2,0,0,0,0,1,437,0,3,440,0
121,96,295,366,7,8,0,36,13,1,1,1,0,0,728,0,7,735,0
122,97,273,367,10,11,0,30,7,1,1,1,4,3,708,0,12,720,0
123,98,105,233,4,6,1,15,4,0,0,0,1,1,370,0,0,370,0
124,99,201,402,6,11,1,34,20,0,0,0,1,1,677,0,3,680,0
125,100,267,405,3,7,0,26,6,0,0,0,1,4,719,0,9,728,0
126,101,124,342,4,2,0,8,6,0,0,0,1,0,487,0,1,488,0
127,101A,147,209,2,2,0,18,22,0,0,0,0,0,400,0,6,406,0
128,102,227,230,1,1,2,28,7,0,0,0,1,1,498,0,6,504,0
129,103,163,259,0,1,1,22,6,0,0,0,1,0,453,0,2,455,0
130,104,273,266,8,4,0,47,11,0,0,1,0,1,611,0,8,619,0
131,105,210,255,1,4,0,43,40,0,0,0,0,1,554,0,3,557,0
132,106,236,286,7,8,0,24,12,1,0,0,0,2,576,0,3,579,0
133,107,192,284,0,15,1,43,56,0,1,1,0,1,594,0,10,604,0
134,108,175,219,2,3,0,52,85,0,0,0,2,0,538,0,6,544,0
135,109,212,287,4,6,0,23,22,1,0,0,0,2,557,0,7,564,0
136,110,156,268,3,8,2,30,16,0,1,1,1,0,486,0,6,492,0
137,110A,95,148,1,5,0,30,26,0,0,2,0,0,307,0,7,314,0
138,111,237,325,0,16,1,34,27,0,0,0,1,2,643,0,8,651,0
139,112,258,262,2,4,0,32,29,0,1,0,2,1,591,0,6,597,0
140,113,159,264,1,7,2,39,11,1,0,0,0,1,485,0,14,499,0
141,113A,139,198,0,8,1,34,13,0,1,1,0,1,396,0,2,398,0
142,114,235,512,4,15,0,31,17,1,0,1,0,0,816,0,14,830,0
143,115,90,171,1,3,0,13,15,0,0,0,0,2,295,0,2,297,0
144,115A,148,369,1,1,0,18,20,0,0,0,1,3,561,0,7,568,0
145,116,76,300,4,6,1,20,8,0,0,0,0,2,417,0,4,421,0
146,116A,135,391,1,4,0,27,11,1,0,0,1,0,571,0,9,580,0
147,117,194,316,1,7,0,22,26,1,0,0,1,1,569,0,7,576,0
148,118,149,391,7,14,0,16,14,1,0,0,0,4,596,0,6,602,0
149,119,128,247,1,8,0,13,14,1,0,0,3,2,417,0,12,429,0
150,119A,161,315,3,8,0,17,14,3,1,0,2,1,525,0,12,537,0
151,120,157,379,3,6,1,31,12,0,1,0,2,0,592,0,9,601,0
152,121,272,404,4,2,0,23,18,0,1,0,1,2,727,0,4,731,0
153,122,178,277,1,2,0,26,8,0,1,0,1,4,498,0,4,502,0
154,123,202,234,1,9,1,14,9,0,0,0,1,0,471,0,4,475,0
155,124,276,338,5,14,3,32,31,1,0,0,7,3,710,0,3,713,0
156,125,115,277,3,15,0,28,6,0,0,0,2,2,448,0,9,457,0
157,126,156,373,2,9,0,28,3,0,0,0,0,2,573,0,16,589,0
158,127,106,341,5,2,1,29,8,0,0,0,1,2,495,0,7,502,0
159,128,180,280,4,15,0,34,10,0,0,0,1,4,528,0,3,531,0
160,128A,144,292,1,7,1,40,12,0,2,1,2,1,503,0,5,508,0
161,129,214,284,4,7,0,25,8,0,1,0,0,1,544,0,8,552,0
162,130,125,346,2,1,0,31,9,0,0,1,1,3,519,0,11,530,0
163,131,167,231,3,3,0,56,15,0,1,0,0,3,479,0,2,481,0
164,132,94,306,3,5,1,10,1,0,0,0,3,1,424,0,2,426,0
165,132A,86,231,3,0,0,14,5,1,0,0,1,2,343,0,6,349,0
166,133,90,187,1,2,0,27,8,0,0,0,0,0,315,0,6,321,0
167,134,137,256,2,2,0,29,9,0,0,0,0,1,436,0,2,438,0
168,134A,126,348,0,5,0,15,2,0,0,2,1,3,502,0,4,506,0
169,135,113,108,3,8,3,10,1,2,0,0,1,2,251,0,5,256,0
170,135A,168,376,2,6,1,38,6,0,2,3,3,3,608,0,8,616,0
171,136,188,422,6,11,0,55,11,1,0,2,6,5,707,0,5,712,0
172,137,230,463,3,1,0,52,32,0,0,0,1,0,782,0,18,800,0
173,138,108,280,0,6,0,24,29,1,0,0,0,2,450,0,7,457,0
174,139,153,359,3,14,1,49,8,0,1,2,3,4,597,0,7,604,0
175,140,170,400,3,3,1,40,34,1,0,0,2,1,655,0,11,666,0
176,141,261,404,10,12,4,39,12,1,1,3,1,2,750,0,17,767,0
177,142,26,201,1,16,0,23,2,0,0,0,0,1,270,0,9,279,0
178,143,95,248,4,0,0,20,4,0,0,0,6,13,390,0,5,395,0
179,144,170,403,3,2,0,30,8,0,1,0,2,2,621,0,9,630,0
180,145,196,530,7,10,0,35,13,0,2,2,5,6,806,0,10,816,0
181,146,195,310,3,4,1,32,10,0,0,0,1,4,560,0,7,567,0
182,147,246,460,3,6,1,56,10,2,2,1,3,6,796,0,14,810,0
183,148,120,355,1,3,0,24,13,1,2,1,4,2,526,0,2,528,0
184,149,276,465,6,6,0,29,36,0,0,1,6,5,830,0,11,841,0
185,150,76,283,3,3,1,8,3,0,1,1,1,0,380,0,8,388,0
186,151,141,398,3,1,0,43,14,1,1,1,5,2,610,0,4,614,0
187,152,157,282,1,8,0,14,11,0,1,0,0,0,474,0,2,476,0
188,153,231,321,4,11,0,44,18,0,0,0,1,1,631,0,7,638,0
189,154,142,476,3,4,0,56,5,0,1,1,2,1,691,0,7,698,0
190,155,116,316,0,4,0,35,8,1,1,1,0,1,483,0,1,484,0
191,155A,102,303,4,2,1,28,6,1,0,1,3,0,451,0,5,456,0
192,156,89,376,5,4,0,31,4,0,0,0,0,4,513,0,4,517,0
193,157,273,409,4,6,1,49,15,3,0,0,5,4,769,0,8,777,0
194,158,177,169,1,2,0,20,5,0,0,0,1,0,375,0,3,378,0
195,159,125,476,2,6,0,38,18,1,1,1,1,1,670,0,7,677,0
196,160,113,337,2,4,0,16,8,0,0,0,0,2,482,0,4,486,0
197,160A,80,251,3,5,1,10,6,0,0,1,0,0,357,0,1,358,0
198,161,124,155,12,28,1,11,2,0,1,1,1,2,338,0,3,341,0
199,162,189,250,6,17,0,8,2,0,0,1,2,0,475,0,2,477,0
200,162A,95,229,0,3,0,17,4,0,0,0,0,1,349,0,4,353,0
201,163,226,432,7,6,1,46,11,0,2,0,7,7,745,0,6,751,0
202,164,232,350,5,17,0,31,4,1,0,1,5,2,648,0,6,654,0
203,165,225,250,0,6,0,34,10,0,0,0,3,1,529,0,3,532,0
204,166,89,420,2,5,0,20,7,0,0,2,1,1,547,0,9,556,0
205,167,172,314,5,8,0,20,8,1,0,1,1,3,533,0,7,540,0
206,168,98,480,2,2,1,29,13,3,0,0,3,1,632,0,5,637,0
207,169,131,227,4,3,0,16,7,0,1,1,2,0,392,0,3,395,0
208,169A,131,257,0,6,0,54,7,2,2,2,0,1,462,0,5,467,0
209,170,94,373,7,4,0,24,1,0,1,0,1,1,506,0,5,511,0
210,171,87,404,5,8,1,13,10,3,0,0,0,2,533,0,6,539,0
211,172,100,493,7,6,0,27,7,1,0,0,2,3,646,0,6,652,0
212,173,95,307,3,5,0,24,14,0,0,0,0,2,450,0,3,453,0
213,174,129,269,5,7,1,12,4,1,1,0,1,5,435,0,6,441,0
214,174A,159,274,1,5,0,26,5,0,2,2,0,2,476,0,4,480,0
215,175,188,381,3,10,0,45,22,0,0,3,0,2,654,0,3,657,0
216,176,153,415,2,13,0,40,13,0,0,0,0,3,639,0,5,644,0
217,177,244,504,3,25,0,35,21,0,1,0,1,1,835,0,17,852,0
218,178,224,370,4,13,0,31,20,1,0,0,2,0,665,0,5,670,0
219,179,136,209,0,6,0,29,14,0,0,1,0,1,396,0,5,401,0
220,179A,118,218,0,15,0,27,22,0,0,1,0,0,401,0,2,403,0
221,180,154,342,1,21,0,34,15,1,0,0,0,0,568,0,6,574,0
222,181,168,323,1,10,0,41,36,1,1,0,3,1,585,0,5,590,0
223,182,108,202,0,4,0,20,11,0,1,0,0,0,346,0,5,351,0
224,182A,117,296,0,2,0,20,6,0,0,0,1,1,443,0,6,449,0
225,183,243,417,3,24,1,31,5,0,1,2,1,4,732,0,12,744,0
226,184,104,290,1,10,0,26,20,1,1,0,2,1,456,0,9,465,0
227,185,285,444,2,14,0,38,15,1,0,0,2,1,802,0,12,814,0
228,186,262,467,1,7,0,41,14,0,0,0,1,3,796,0,8,804,0
229,187,151,358,4,7,1,23,6,0,1,1,0,2,554,0,6,560,0
230,188,163,492,4,11,0,40,15,0,0,1,3,1,730,0,10,740,0
231,189,130,212,0,10,1,51,23,0,1,0,1,1,430,0,4,434,0
232,189A,96,172,0,25,0,93,26,0,1,0,1,0,414,0,1,415,0
233,190,136,228,2,12,0,40,29,1,0,1,0,0,449,0,9,458,0
234,190A,117,169,0,3,0,63,19,0,0,1,0,0,372,0,2,374,0
235,191,115,233,0,12,0,51,24,0,0,0,0,0,435,0,6,441,0
236,191A,84,175,0,7,0,53,30,0,1,0,1,0,351,0,3,354,0
237,192,139,323,2,8,0,90,51,0,0,1,0,0,614,0,7,621,0
238,193,162,324,0,14,1,81,49,1,0,1,0,1,634,0,8,642,0
239,194,156,291,1,5,0,67,20,0,0,0,1,0,541,0,4,545,0
240,195,206,368,7,4,0,41,21,1,1,0,0,1,650,0,6,656,0
241,196,200,341,1,7,0,59,36,0,0,0,2,0,646,0,7,653,0
242,197,155,306,0,8,0,44,47,0,0,0,0,0,560,0,6,566,0
243,198,81,217,4,7,2,38,20,1,0,0,0,1,371,0,3,374,0
244,198A,108,276,1,18,0,32,23,0,0,0,3,1,462,0,1,463,0
245,199,132,322,0,4,0,43,30,0,1,0,1,4,537,0,6,543,0
246,200,139,268,3,6,1,65,37,0,2,0,0,0,521,0,5,526,0
247,201,168,223,2,10,1,55,10,1,0,0,0,0,470,0,6,476,0
248,201A,104,190,2,4,0,26,21,0,0,0,1,0,348,0,2,350,0
249,202,151,424,1,13,1,64,36,0,0,0,0,0,690,0,7,697,0
250,203,91,281,2,4,0,19,10,0,0,1,0,0,408,0,4,412,0
251,203A,95,193,0,8,0,46,18,0,0,1,0,4,365,0,4,369,0
252,204,118,203,1,12,0,12,5,0,0,2,0,0,353,0,7,360,0
253,204A,118,225,0,23,0,42,8,0,1,0,0,0,417,0,2,419,0
254,205,65,173,2,5,0,37,36,0,0,0,0,0,318,0,3,321,0
255,206,213,400,3,10,0,50,25,2,2,1,2,4,712,0,5,717,0
256,207,141,234,5,4,0,40,19,0,1,1,1,2,448,0,5,453,0
257,207A,130,166,1,3,0,41,48,0,0,0,0,1,390,0,5,395,0
258,208,98,277,3,8,0,34,13,1,0,1,0,1,436,0,7,443,0
259,209,136,423,1,5,0,23,38,0,0,2,0,1,629,0,8,637,0
260,210,134,333,1,4,0,30,29,0,1,2,3,3,540,0,8,548,0
261,211,163,282,1,3,0,49,24,0,0,0,0,0,522,0,8,530,0
262,211A,181,218,2,2,1,25,14,0,0,1,0,0,444,0,2,446,0
263,212,129,298,2,2,0,45,26,0,0,0,2,1,505,0,3,508,0
264,212A,202,249,3,3,0,35,17,0,0,0,1,0,510,0,1,511,0
265,213,122,221,1,2,1,30,22,1,0,0,0,0,400,0,7,407,0
266,213A,205,244,0,3,0,55,42,0,0,0,1,1,551,0,6,557,0
267,214,192,260,1,8,0,34,34,0,0,0,0,4,533,0,3,536,0
268,214A,182,198,1,6,0,48,34,0,0,1,0,9,479,0,10,489,0
269,215,55,260,1,3,0,20,30,0,0,0,1,2,372,0,3,375,0
270,215A,67,291,0,0,0,20,37,1,0,0,0,2,418,0,9,427,0
271,216,103,214,1,0,0,26,29,0,0,0,0,0,373,0,4,377,0
272,216A,135,171,1,3,1,34,29,0,0,0,0,0,374,0,2,376,0
273,217,214,285,1,5,0,54,34,0,0,0,0,0,593,0,7,600,0
274,218,221,256,0,18,0,25,30,0,0,0,0,1,551,0,12,563,0
275,219,223,268,0,7,0,28,43,0,0,0,0,1,570,0,5,575,0
276,220,273,321,1,5,0,53,46,0,1,0,1,2,703,0,4,707,0
277,221,134,189,1,3,0,39,22,0,1,0,0,1,390,0,4,394,0
278,221A,98,139,1,4,0,29,31,0,0,0,1,1,304,0,3,307,0
279,222,217,335,0,6,1,57,38,0,0,0,1,0,655,0,6,661,0
280,223,204,196,1,3,0,39,24,0,0,0,1,0,468,0,5,473,0
281,223A,151,165,0,1,0,48,44,1,1,0,0,0,411,0,3,414,0
282,224,130,212,0,8,0,25,37,0,1,2,0,0,415,0,6,421,0
283,224A,143,177,0,1,0,28,40,0,2,0,0,0,391,0,10,401,0
284,225,126,224,1,1,1,27,30,0,1,0,0,0,411,0,6,417,0
285,225A,173,193,0,6,0,29,35,0,1,0,0,0,437,0,9,446,0
286,226,168,280,0,3,0,22,40,0,0,4,0,0,517,0,6,523,0
287,227,186,293,1,4,1,24,40,0,1,1,0,0,551,0,5,556,0
288,228,187,205,0,3,1,26,17,0,0,0,0,0,439,0,0,439,0
289,228A,185,220,0,2,0,37,29,1,0,0,1,0,475,0,5,480,0
290,229,477,230,2,6,0,63,28,0,0,0,0,4,810,0,0,810,0
291,230,174,376,7,4,1,45,33,0,0,0,0,0,640,0,12,652,0
292,231,166,447,2,10,2,57,25,0,1,0,0,3,713,0,5,718,0
293,232,90,267,2,4,0,36,11,0,0,0,1,1,412,0,3,415,0
294,232A,96,252,1,3,0,28,18,0,0,0,1,0,399,0,3,402,1
295,233,260,472,3,10,0,46,10,0,0,0,2,2,805,0,8,813,0
296,234,115,425,4,8,1,30,18,0,1,1,1,2,606,0,7,613,0
297,235,45,304,0,2,0,13,9,0,0,1,1,1,376,0,4,380,0
298,235A,119,342,2,4,0,32,10,0,0,0,1,1,511,0,7,518,0
299,236,110,516,2,4,0,29,14,0,0,1,0,2,678,0,9,687,0
300,237,233,414,2,24,0,57,26,0,1,0,1,1,759,0,13,772,0
301,238,243,295,2,7,0,20,8,1,0,0,0,1,577,0,5,582,0
302,239,129,261,5,5,1,22,26,1,1,1,4,2,458,0,10,468,0
303,240,130,215,1,6,0,28,14,0,1,0,0,1,396,0,2,398,0
304,241,145,429,5,2,0,24,6,1,1,1,1,1,616,0,8,624,0
305,242,53,327,2,5,0,32,2,1,1,0,0,0,423,0,2,425,0
306,243,120,189,2,5,0,6,14,0,0,0,3,0,339,0,4,343,0
307,243A,176,377,3,5,0,12,8,0,1,0,0,0,582,0,3,585,0
308,244,93,199,2,3,1,18,4,0,0,0,1,0,321,0,4,325,0
309,245,136,388,2,5,0,28,18,0,0,0,0,1,578,0,6,584,0
310,246,170,321,0,4,2,27,20,0,1,1,1,0,547,0,2,549,0
311,247,114,358,1,5,1,35,27,0,0,0,0,2,543,0,11,554,0
312,248,164,384,4,18,1,43,17,1,0,0,0,1,633,0,11,644,0
313,249,134,380,2,10,0,37,24,0,2,1,1,3,594,0,7,601,0
314,250,151,169,0,5,0,45,17,0,0,0,0,1,388,0,6,394,0
315,250A,153,343,0,7,0,48,29,0,2,1,1,0,584,0,5,589,0
316,251,177,373,3,5,0,35,15,0,2,0,1,2,613,0,7,620,0
317,252,123,366,2,1,1,28,10,1,0,0,0,1,533,0,5,538,0
318,253,139,343,2,4,2,32,15,0,1,1,1,3,543,0,9,552,0
319,254,128,350,1,3,0,29,15,2,0,1,1,1,531,0,10,541,0
320,255,108,367,0,5,0,12,3,2,0,0,4,1,502,0,10,512,0
321,256,85,453,2,5,0,32,17,1,0,1,1,1,598,0,3,601,0
322,257,163,398,3,6,0,31,13,1,7,3,2,9,636,0,5,641,0
323,258,177,366,8,2,0,42,11,0,10,5,1,3,625,0,5,630,0
324,259,114,273,4,3,0,20,7,2,0,1,3,0,427,0,12,439,0
325,259A,93,266,0,4,0,28,21,0,1,0,0,0,413,0,10,423,0
326,260,189,398,6,12,0,39,13,0,0,0,2,3,662,0,12,674,0
327,261,157,230,1,8,1,16,14,0,0,0,1,2,430,0,9,439,0
328,261A,139,169,0,3,1,42,31,0,0,0,0,0,385,0,2,387,0
329,262,241,344,5,6,0,52,45,0,2,0,2,5,702,0,4,706,0
330,263,91,308,1,1,0,25,23,0,1,0,0,1,451,0,7,458,0
331,264,97,149,0,2,0,32,13,0,0,0,0,0,293,0,7,300,0
332,265,118,270,3,0,0,30,8,0,0,0,2,0,431,0,2,433,0
333,265A,99,176,1,2,0,35,21,0,0,0,1,0,335,0,7,342,0
334,266,218,509,3,4,0,32,31,1,2,0,2,2,804,0,7,811,0
335,267,148,291,0,21,0,61,21,0,0,0,1,0,543,0,2,545,0
336,268,167,237,1,19,0,23,9,0,0,0,2,0,458,0,5,463,0
337,269,204,322,0,9,0,80,29,0,2,0,0,0,646,0,7,653,0
338,270,253,349,2,5,0,69,26,1,0,2,2,1,710,0,9,719,0
339,271,142,425,2,8,2,37,47,0,0,0,1,1,665,0,8,673,0
340,272,264,508,11,7,0,39,27,0,0,0,1,2,859,0,14,873,0
341,273,147,204,2,5,0,14,18,0,0,1,2,2,395,0,6,401,0
342,274,288,370,2,20,1,28,16,0,0,1,0,1,727,0,18,745,0
343,275,100,341,5,4,1,27,16,0,1,2,3,0,500,0,8,508,0
344,276,193,362,2,5,1,36,15,0,1,0,0,0,615,0,6,621,0
345,277,200,456,3,13,0,65,33,0,0,1,2,5,778,0,11,789,0
346,278,182,246,2,12,0,32,14,0,0,1,1,3,493,0,3,496,0
347,278A,163,217,1,2,0,33,24,0,1,0,2,1,444,0,5,449,0
348,279,178,308,1,5,1,35,16,0,0,0,1,1,546,0,2,548,0
349,280,174,324,2,6,1,54,52,0,0,1,0,0,614,0,7,621,0
350,281,137,246,1,4,0,34,19,1,0,1,0,0,443,0,4,447,0
351,281A,92,238,0,4,0,40,24,1,1,0,0,2,402,0,4,406,0
352,282,168,461,1,5,0,78,31,1,1,2,0,1,749,0,3,752,0
353,283,134,232,4,13,0,36,10,0,1,0,1,2,433,0,5,438,0
354,283A,101,201,0,5,0,40,22,0,0,0,0,0,369,0,5,374,0
355,284,106,248,0,4,0,21,15,0,1,0,0,0,395,0,2,397,0
356,284A,111,194,1,5,0,46,18,0,0,0,0,0,375,0,5,380,0
357,285,176,251,3,4,0,52,15,0,0,1,0,0,502,0,1,503,0
358,285A,182,265,3,8,0,33,17,1,0,1,2,1,513,0,16,529,0
359,286,423,120,0,8,0,35,5,0,0,0,0,0,591,0,3,594,0
360,286A,262,148,0,4,1,21,14,0,0,0,0,2,452,0,4,456,0
361,287,120,293,0,2,0,47,60,0,0,0,1,0,523,0,5,528,0
362,287A,120,302,2,2,0,53,32,1,1,0,0,0,513,0,3,516,0
363,288,128,273,0,7,0,30,34,0,0,0,1,1,474,0,3,477,0
364,288A,125,269,0,2,0,52,48,0,0,1,0,0,497,0,12,509,0
365,289,133,200,1,3,0,20,37,0,0,0,1,0,395,0,8,403,0
366,289A,105,202,2,7,0,46,50,1,0,1,0,2,416,0,4,420,0
367,290,205,273,3,9,0,47,47,0,0,0,0,0,584,0,5,589,0
368,290A,181,275,0,5,0,68,45,0,1,0,0,1,576,0,9,585,0
369,291,84,435,3,1,0,23,6,0,0,1,0,1,554,0,3,557,0
370,291A,112,380,1,2,0,42,14,1,0,1,1,2,556,0,6,562,0
371,292,177,210,1,6,2,52,35,0,0,0,0,0,483,0,6,489,0
372,293,213,241,2,3,0,32,35,1,0,0,0,0,527,0,5,532,0
373,294,119,178,0,2,0,26,27,0,0,1,0,0,353,0,3,356,0
374,295,175,270,1,5,0,49,42,0,0,1,1,0,544,0,6,550,0
375,296,286,267,1,10,0,52,48,0,0,0,1,0,665,0,5,670,0
376,297,191,275,3,3,0,74,75,0,1,0,2,1,625,0,10,635,0
377,298,185,267,0,3,0,49,53,0,0,0,1,0,558,0,6,564,0
378,299,139,203,3,0,0,37,16,0,0,0,0,0,398,0,4,402,0
379,299A,115,254,3,8,0,46,15,0,0,0,0,0,441,0,2,443,0
380,300,146,295,1,8,1,85,31,0,0,0,0,0,567,0,3,570,0
381,301,157,259,1,7,0,54,24,2,0,0,1,0,505,0,3,508,0
382,301A,135,219,0,9,0,60,32,1,1,0,0,2,459,0,4,463,0
383,302,156,237,1,7,1,62,43,0,0,0,1,0,508,0,7,515,0
384,303,147,220,0,4,0,56,35,0,0,0,2,1,465,0,3,468,0
385,304,135,186,1,5,0,15,20,0,1,0,0,0,363,0,3,366,0
386,304A,114,172,0,7,1,31,16,0,0,1,0,1,343,0,4,347,0
387,305,131,221,0,1,0,21,27,0,0,0,0,0,401,0,3,404,0
388,305A,105,184,1,1,0,38,29,0,0,0,0,0,358,0,6,364,0
389,306,109,213,1,2,1,30,33,0,0,0,0,0,389,0,5,394,0
390,306A,128,176,0,5,1,32,30,0,0,0,1,0,373,0,1,374,0
391,307,141,242,1,5,0,28,25,1,0,0,0,1,444,0,4,448,0
392,307A,147,184,1,1,0,44,18,0,1,0,0,0,396,0,5,401,0
393,308,99,159,2,2,0,16,40,0,0,1,0,0,319,0,4,323,0
394,308A,114,172,1,1,0,31,33,0,0,0,0,0,352,0,6,358,0
395,309,169,161,1,4,1,29,17,0,0,0,2,1,385,0,1,386,0
396,309A,107,184,0,3,0,37,24,0,0,0,1,0,356,0,5,361,0
397,310,201,254,2,6,2,45,27,1,1,1,1,0,541,0,9,550,0
398,310A,135,244,2,12,1,56,22,0,0,0,0,0,472,0,3,475,0
399,311,178,264,0,6,0,43,46,0,0,0,0,0,537,0,6,543,0
400,311A,105,246,2,5,0,74,33,1,0,1,0,0,467,0,5,472,0
401,312,162,367,0,11,1,60,89,2,0,0,1,1,694,0,10,704,0
402,"No.of Votes
Recorded on
Postal Ballot
Papers",929,610,2,23,2,45,61,4,2,1,0,0,1679,338,20,2037,0
