Sl. No,Polling Station No,LARENEG eht Vimala Tamilar Naam NTK,Bharathi Madhu IND,OT C. Mayazhaku IND,ALNT,TRAP M. Murugan IND,I malukayireP,Muniyappan M. IND,)CS(,Muneeswaran M. IND,Raj A.C. Mohan IND,P. Ramaiya IND,M. Rajendran IND,No.of,No.Of,Tentered No.of,Total Valid Votes,Rejected Votes,NOTA,Total Votes,Tendered Votes
1,1,241,99,11,0,9,0,25,0,0,0,0,0,0,0,0,385,8,0,393,0
2,1A,257,100,17,2,9,0,27,2,0,1,0,0,1,0,0,416,2,0,418,0
3,2,339,179,57,1,10,0,32,1,1,0,0,0,0,0,1,621,6,0,627,0
4,3,265,161,49,1,11,0,22,0,0,0,1,0,1,0,1,512,9,0,521,0
5,4,218,241,117,1,1,0,11,1,0,0,0,1,0,0,4,595,10,0,605,0
6,5,247,345,231,0,4,0,27,1,0,1,0,1,3,2,1,863,6,0,869,0
7,6,91,114,31,0,3,0,8,0,0,0,0,0,1,0,0,248,1,0,249,0
8,7,212,280,75,1,18,0,24,2,0,0,0,0,0,1,1,614,14,0,628,0
9,8,445,217,71,0,3,0,43,0,0,0,1,0,1,0,1,782,11,0,793,1
10,9,408,152,34,1,5,0,41,6,0,0,0,0,0,0,0,647,4,0,651,0
11,10,254,171,66,0,4,0,27,3,0,2,0,0,1,0,0,528,6,0,534,0
12,11,200,155,70,0,15,0,18,1,0,0,0,0,0,0,0,459,11,0,470,0
13,11A,170,166,50,3,12,0,26,2,0,0,0,0,0,0,0,429,9,0,438,0
14,12,439,158,154,1,5,0,22,2,0,0,0,0,0,0,1,782,3,0,785,0
15,13,270,44,106,0,4,0,22,0,0,0,0,0,0,0,0,446,1,0,447,0
16,14,213,130,47,2,5,1,37,0,0,0,0,0,0,0,1,436,6,0,442,0
17,15,377,218,30,0,8,0,49,2,1,0,0,0,0,0,0,685,10,0,695,0
18,16,309,162,79,0,2,0,20,2,0,0,1,0,0,0,1,576,5,0,581,0
19,16A,233,182,37,0,5,1,17,0,0,0,0,0,0,0,0,475,2,0,477,0
20,17,226,225,54,2,8,0,14,0,0,1,0,0,1,0,1,532,8,0,540,0
21,18,266,232,41,3,0,0,30,1,1,34,0,1,0,0,3,612,5,0,617,0
22,19,224,204,45,2,3,0,44,1,0,25,0,1,0,0,0,549,3,0,552,0
23,20,479,122,16,2,2,0,56,0,0,3,0,0,0,0,1,681,4,0,685,0
24,21,368,184,16,1,2,0,30,1,0,0,0,0,1,0,4,607,5,0,612,0
25,22,252,139,25,0,9,0,19,1,0,0,1,0,0,0,0,446,5,0,451,0
26,22A,256,71,24,0,6,0,16,0,0,0,0,0,0,0,0,373,2,0,375,0
27,23,217,174,36,0,12,0,35,2,1,0,0,1,0,0,0,478,5,0,483,0
28,23A,236,175,28,1,11,0,37,0,0,0,0,1,0,0,1,490,4,0,494,0
29,24,194,339,52,0,11,0,58,1,0,0,0,0,0,1,1,657,6,0,663,0
30,25,208,249,71,0,15,0,34,1,1,0,0,0,1,0,0,580,3,0,583,0
31,26,198,157,47,1,1,1,19,1,0,0,1,0,0,1,1,428,2,0,430,0
32,26A,201,191,71,1,2,0,16,2,0,0,1,0,0,1,0,486,0,0,486,0
33,27,193,194,58,1,6,0,36,0,0,0,0,0,0,0,1,489,3,0,492,0
34,27A,285,94,64,1,1,0,14,2,0,0,0,0,0,0,1,462,4,0,466,0
35,28,315,95,203,1,1,0,28,0,1,0,1,0,0,1,1,647,2,0,649,0
36,29,493,71,86,1,1,0,7,0,0,0,0,0,0,0,0,659,3,0,662,0
37,30,227,151,76,1,4,1,27,1,0,1,0,1,0,0,1,491,5,0,496,0
38,30A,388,135,54,0,7,1,9,1,0,0,0,0,0,0,0,595,1,0,596,0
39,31,243,223,24,1,4,1,35,2,0,3,0,2,2,0,1,541,1,0,542,0
40,31A,246,213,34,0,3,0,22,0,1,0,0,0,2,0,1,522,4,0,526,0
41,32,134,199,45,0,5,0,16,1,0,1,0,0,0,1,0,402,2,0,404,0
42,32A,186,176,41,1,5,1,16,1,1,1,0,0,0,0,0,429,4,0,433,0
43,33,556,172,18,8,2,0,6,3,0,0,1,0,2,1,1,770,5,0,775,0
44,34,394,104,5,2,0,0,17,0,0,0,1,0,1,0,4,528,3,0,531,0
45,34A,331,148,10,2,1,1,4,0,0,0,0,0,6,0,2,505,6,0,511,0
46,35,506,133,5,3,2,0,11,1,0,0,0,0,1,0,4,666,8,0,674,0
47,36,199,139,102,1,1,0,53,0,0,0,2,0,0,1,2,500,1,0,501,0
48,36A,201,89,168,2,3,3,24,1,0,0,0,0,0,0,0,491,3,0,494,0
49,37,184,201,35,0,10,0,28,1,0,0,0,0,0,0,0,459,4,0,463,0
50,38,194,134,30,0,6,0,27,3,0,0,0,0,0,0,0,394,0,0,394,0
51,39,177,242,65,0,3,0,66,6,0,0,0,0,0,1,1,561,1,0,562,0
52,40,199,197,28,0,10,2,33,0,0,0,0,1,0,1,0,471,3,0,474,0
53,41,300,296,48,3,4,2,81,2,0,1,0,0,2,0,1,740,8,0,748,0
54,42,216,272,25,2,2,0,57,1,0,0,0,0,1,0,0,576,5,0,581,0
55,43,256,259,23,1,7,1,67,4,0,0,0,1,0,0,0,619,13,0,632,0
56,44,196,203,18,0,0,0,55,1,0,1,1,1,0,0,1,477,2,0,479,0
57,45,185,163,32,1,3,1,23,0,0,0,0,0,0,1,1,410,1,0,411,0
58,45A,161,281,52,1,6,1,33,0,0,0,1,0,0,1,0,537,4,0,541,0
59,46,401,218,25,4,5,0,50,4,0,0,0,2,1,1,0,711,5,0,716,0
60,47,255,216,15,0,5,0,39,1,0,0,0,7,0,2,1,541,8,0,549,0
61,48,165,290,43,1,12,1,51,2,0,0,0,1,1,0,0,567,4,0,571,0
62,49,170,294,49,0,7,1,43,2,0,1,0,0,0,1,1,569,1,0,570,0
63,50,246,79,13,1,2,0,22,1,0,0,0,1,0,0,1,366,2,0,368,0
64,50A,213,133,10,0,5,0,36,0,0,0,0,5,0,0,1,403,7,0,410,0
65,51,347,167,13,0,0,0,58,0,0,3,1,10,0,0,0,599,4,0,603,0
66,52,326,162,10,1,0,1,43,2,0,2,1,7,0,0,0,555,4,0,559,0
67,53,181,283,13,1,3,0,10,1,0,0,0,0,0,0,0,492,2,0,494,0
68,54,188,206,6,0,1,0,47,1,0,1,0,0,2,0,0,452,0,0,452,0
69,55,220,144,6,0,0,0,65,1,0,0,0,0,0,0,0,436,3,0,439,0
70,56,140,188,85,2,4,0,23,0,0,0,1,0,0,1,0,444,0,0,444,0
71,57,169,144,9,0,3,0,36,1,0,0,0,0,1,0,0,363,4,0,367,0
72,57A,176,178,8,0,5,0,14,0,0,0,0,0,0,0,0,381,0,0,381,0
73,58,156,170,10,0,6,0,18,1,0,0,0,0,0,0,1,362,1,0,363,0
74,58A,198,208,18,1,10,0,19,1,1,0,0,0,0,0,5,461,6,0,467,0
75,59,285,303,52,1,13,1,40,2,0,2,0,0,1,0,4,704,20,0,724,0
76,60,233,283,51,1,4,0,53,3,0,0,1,2,1,0,1,633,9,0,642,0
77,61,364,276,41,0,4,0,19,0,0,0,1,0,1,0,0,706,6,0,712,0
78,62,192,207,75,1,11,1,17,1,0,1,1,0,0,1,0,508,7,0,515,0
79,63,304,164,80,2,5,0,25,0,0,0,0,1,0,0,2,583,10,0,593,0
80,63A,171,112,9,0,2,0,6,0,0,0,1,0,0,0,0,301,24,0,325,0
81,64,333,175,18,3,6,0,9,2,0,35,1,0,1,1,1,585,3,0,588,0
82,64A,244,104,9,0,1,0,5,0,0,0,0,0,0,0,0,363,1,0,364,0
83,65,292,283,47,2,17,1,33,3,0,1,0,0,0,0,0,679,4,0,683,0
84,66,180,245,15,0,11,1,33,2,0,0,1,0,0,0,0,488,9,0,497,0
85,66A,257,111,31,1,11,0,28,2,1,0,0,1,0,0,0,443,1,0,444,0
86,67,169,127,20,1,16,0,22,1,0,0,0,0,1,0,0,357,5,0,362,0
87,67A,148,207,23,1,6,0,16,2,0,0,0,0,1,2,0,406,3,0,409,1
88,68,381,165,26,1,6,0,25,2,0,0,0,0,1,0,0,607,6,0,613,0
89,69,126,170,18,1,8,0,14,1,1,0,1,0,0,0,0,340,3,0,343,0
90,70,373,95,8,0,16,0,26,2,0,1,0,0,2,0,0,523,3,0,526,0
91,70A,243,103,8,0,1,0,7,0,2,0,1,0,1,1,2,369,2,0,371,0
92,71,369,177,8,6,3,0,20,0,0,0,0,0,1,0,0,584,3,0,587,1
93,71A,364,156,3,12,2,0,10,3,0,0,0,0,0,0,1,551,2,0,553,0
94,72,511,241,6,14,1,0,10,2,0,17,0,2,0,1,0,805,2,0,807,0
95,73,179,183,48,0,8,0,29,0,0,1,1,0,0,0,0,449,7,0,456,0
96,73A,145,153,34,1,5,0,23,0,0,0,0,0,0,0,0,361,7,0,368,0
97,74,196,176,50,3,9,0,28,0,0,0,1,0,1,0,0,464,11,0,475,0
98,74A,186,157,39,0,12,0,37,1,0,0,0,1,0,0,0,433,3,0,436,1
99,75,255,83,22,0,3,0,13,1,0,0,0,0,0,0,0,377,2,0,379,0
100,75A,269,118,23,0,15,1,12,2,0,0,0,0,0,0,0,440,3,0,443,0
101,76,275,107,27,0,7,0,18,1,0,1,0,0,1,0,0,437,4,0,441,0
102,76A,187,58,16,0,7,0,16,1,0,0,0,0,2,0,0,287,3,0,290,0
103,77,290,37,15,1,4,0,11,1,0,0,0,0,0,0,0,359,1,0,360,0
104,77A,272,56,17,0,2,0,7,0,0,0,0,0,0,0,0,354,1,0,355,0
105,78,279,278,55,2,13,0,19,4,0,0,0,0,1,2,0,653,10,0,663,0
106,79,296,266,41,0,22,0,35,1,1,0,0,1,1,1,0,665,15,0,680,0
107,80,265,264,75,1,27,0,31,3,0,0,1,1,3,2,2,675,20,0,695,0
108,81,262,205,44,3,21,0,25,4,0,0,1,0,0,0,0,565,15,0,580,0
109,82,287,142,12,1,22,0,21,3,0,1,0,0,0,1,1,491,6,0,497,0
110,83,203,242,61,1,19,2,28,1,0,2,0,0,0,1,0,560,3,0,563,0
111,84,120,109,26,3,19,0,6,2,0,0,0,0,0,0,0,285,6,0,291,0
112,84A,156,145,17,1,21,0,12,0,0,0,0,0,0,0,1,353,3,0,356,0
113,85,391,151,29,0,9,0,34,1,0,0,0,0,1,0,0,616,3,0,619,0
114,86,326,153,18,0,12,0,51,3,1,1,0,1,1,0,2,569,3,0,572,0
115,87,314,59,10,0,0,0,20,0,0,0,1,0,4,1,0,409,2,0,411,0
116,87A,297,60,9,0,4,0,7,0,0,0,1,0,1,0,0,379,1,0,380,0
117,88,270,151,29,1,4,0,13,0,1,1,0,0,0,0,0,470,1,0,471,0
118,88A,129,166,39,0,13,0,13,0,0,0,0,0,1,0,0,361,4,0,365,0
119,89,344,51,6,1,2,0,13,0,1,0,0,0,5,0,1,424,7,0,431,0
120,89A,245,107,16,1,8,1,18,0,0,0,0,0,0,0,0,396,7,0,403,0
121,90,209,149,22,0,23,0,17,0,0,0,0,0,0,0,1,421,8,0,429,0
122,91,263,195,32,0,32,0,16,0,0,0,0,0,3,0,1,542,9,0,551,0
123,92,120,214,35,0,19,1,30,1,0,1,0,0,0,0,0,421,21,0,442,0
124,93,304,236,87,1,8,0,18,1,0,0,0,1,0,0,3,659,12,0,671,0
125,94,195,352,49,0,16,0,38,2,2,1,0,3,2,0,2,662,13,0,675,0
126,95,127,205,27,1,12,1,21,3,0,1,0,0,1,0,0,399,4,0,403,0
127,96,287,223,29,0,3,0,13,2,2,0,0,0,0,0,1,560,2,0,562,0
128,97,158,236,21,1,11,0,31,0,0,0,1,0,0,0,0,459,4,0,463,0
129,98,422,168,16,0,10,1,19,1,1,1,0,0,0,0,0,639,10,0,649,0
130,99,160,250,20,1,12,0,25,1,0,0,0,0,0,0,1,470,8,0,478,0
131,100,368,118,36,1,13,0,21,1,0,1,0,0,0,0,1,560,7,0,567,0
132,100A,126,138,14,0,22,0,7,2,0,0,0,0,0,0,0,309,10,0,319,0
133,101,253,254,14,0,31,0,27,2,0,1,0,0,1,0,0,583,2,0,585,0
134,102,463,105,32,0,15,0,13,0,0,0,0,1,0,2,0,631,9,0,640,0
135,103,220,239,12,0,48,0,30,1,0,0,0,0,2,0,0,552,5,0,557,0
136,104,483,119,26,1,3,0,22,0,0,0,1,0,3,0,3,661,6,0,667,0
137,105,399,158,12,5,8,0,29,0,0,0,1,0,3,1,1,617,7,0,624,0
138,106,184,165,11,0,16,1,29,0,0,0,0,1,0,1,0,408,4,0,412,0
139,106A,297,79,9,0,5,0,19,0,0,0,0,0,1,1,0,411,7,0,418,0
140,107,413,112,24,0,2,0,27,0,0,1,0,1,1,0,1,582,1,0,583,0
141,107A,332,57,10,0,1,0,23,6,0,0,0,0,1,0,1,431,3,0,434,0
142,108,111,217,19,2,29,0,22,0,0,0,0,0,0,0,1,401,7,0,408,0
143,109,174,201,27,0,32,0,29,0,0,1,0,0,0,0,0,464,10,0,474,0
144,110,383,113,13,1,45,1,25,1,0,0,1,0,2,0,0,585,12,0,597,0
145,111,188,134,23,1,20,0,14,0,0,0,0,0,2,0,1,383,8,0,391,0
146,112,184,244,90,1,17,0,27,0,0,0,0,0,0,0,2,565,1,0,566,0
147,113,206,172,40,1,22,0,27,1,0,1,0,0,0,0,0,470,9,0,479,0
148,113A,188,223,46,1,10,0,30,0,0,0,0,0,1,0,3,502,7,0,509,0
149,114,196,134,11,1,6,0,17,0,0,8,0,0,1,0,2,376,4,0,380,0
150,114A,216,137,10,0,0,0,10,0,0,8,0,3,0,2,1,387,11,0,398,0
151,115,186,273,225,2,4,1,5,4,1,1,2,1,0,1,2,708,7,0,715,0
152,115A,174,143,78,0,14,0,11,1,0,0,0,1,3,1,2,428,7,0,435,0
153,116,403,170,53,0,12,0,25,2,0,0,0,0,0,1,1,667,10,0,677,0
154,117,645,131,39,1,5,1,27,3,0,0,0,0,0,0,2,854,8,0,862,0
155,118,244,362,27,1,6,1,26,1,0,2,0,1,0,0,1,672,11,0,683,0
156,119,185,244,39,0,9,0,26,1,0,0,0,0,0,0,0,504,3,0,507,0
157,120,213,247,53,0,19,0,30,1,0,0,0,0,0,0,0,563,4,0,567,0
158,121,155,256,35,0,9,0,22,2,0,1,0,0,0,1,1,482,4,0,486,0
159,122,204,228,40,1,1,0,8,0,0,0,0,0,0,0,1,483,0,0,483,0
160,122A,279,80,14,0,8,0,23,0,0,0,1,0,0,1,2,408,4,0,412,0
161,123,520,267,7,2,2,0,20,0,0,0,1,0,0,0,2,821,2,0,823,0
162,124,251,61,3,0,15,1,31,0,0,0,0,0,0,0,1,363,2,0,365,0
163,125,387,127,4,1,3,0,11,0,0,0,0,0,0,0,0,533,2,0,535,0
164,126,359,168,6,0,2,0,3,0,0,0,1,0,2,0,6,547,8,0,555,0
165,127,357,120,4,1,1,0,9,1,0,0,0,0,0,0,0,493,1,0,494,0
166,127A,186,114,7,0,2,0,13,0,0,0,0,0,0,0,1,323,2,0,325,0
167,128,170,372,51,0,10,0,33,1,0,0,0,0,0,0,1,638,10,0,648,0
168,129,276,328,20,0,36,0,36,0,0,0,0,0,0,1,1,698,13,0,711,0
169,130,246,318,35,0,29,0,31,0,0,0,0,0,1,1,0,661,19,0,680,0
170,131,208,286,25,1,30,1,22,1,0,0,1,0,2,1,0,578,10,0,588,0
171,132,178,248,31,2,32,0,8,1,0,0,1,1,0,0,0,502,12,0,514,1
172,133,97,191,33,0,17,1,3,1,0,0,0,0,0,0,1,344,5,0,349,0
173,134,180,251,18,0,32,0,9,1,0,0,1,0,1,0,1,494,21,0,515,0
174,135,131,136,104,0,6,0,11,0,0,0,0,0,0,0,0,388,2,0,390,0
175,135A,48,215,74,0,18,2,21,1,0,0,0,0,0,1,2,382,4,0,386,0
176,136,612,211,9,0,0,1,28,0,0,0,0,0,0,0,1,862,9,0,871,0
177,137,553,294,10,0,4,0,27,0,0,0,1,0,0,1,0,890,5,0,895,0
178,138,262,281,39,0,6,0,17,1,0,0,0,1,0,6,3,616,9,0,625,0
179,139,360,293,47,0,12,2,26,1,1,0,0,0,0,0,0,742,14,0,756,0
180,140,91,137,47,0,15,0,16,1,0,0,0,0,0,0,0,307,6,0,313,0
181,140A,141,217,30,0,28,0,13,1,1,0,0,0,0,1,0,432,17,0,449,0
182,141,155,99,85,1,3,0,26,1,0,0,0,0,0,0,1,371,1,0,372,0
183,141A,142,196,75,1,4,0,13,0,1,1,1,1,0,0,0,435,5,0,440,0
184,142,261,255,17,0,4,1,48,2,0,0,0,1,0,0,1,590,3,0,593,0
185,142A,161,161,56,0,1,1,19,1,0,0,0,2,0,0,0,402,6,0,408,0
186,143,215,243,53,1,15,0,28,7,0,0,0,0,0,0,0,562,10,0,572,0
187,144,205,247,65,1,14,2,9,0,0,1,0,0,0,0,0,544,5,0,549,0
188,145,156,137,41,3,10,0,21,1,0,0,0,0,0,0,1,370,6,0,376,0
189,145A,233,231,62,0,6,1,21,1,1,0,0,0,0,1,0,557,3,0,560,0
190,146,316,298,60,0,27,1,46,2,0,0,0,0,0,0,2,752,11,0,763,0
191,147,199,206,73,0,17,1,11,1,0,0,0,0,0,1,0,509,9,0,518,0
192,148,265,352,29,2,18,0,47,3,0,1,1,0,1,0,0,719,13,0,732,0
193,149,100,163,16,0,4,0,17,1,0,0,0,0,0,0,0,301,3,0,304,0
194,150,288,377,40,3,9,0,44,4,0,0,2,0,1,1,1,770,8,0,778,0
195,151,258,174,215,1,1,0,34,1,0,0,2,0,1,0,0,687,2,0,689,0
196,152,100,181,214,2,2,0,8,0,0,0,1,1,0,0,0,509,4,0,513,0
197,153,279,198,17,0,0,0,17,1,0,0,0,1,0,0,1,514,6,0,520,0
198,153A,195,228,31,0,6,0,23,1,0,0,0,0,0,1,0,485,10,0,495,0
199,154,87,130,12,2,25,1,35,2,0,0,0,0,0,2,2,298,25,0,323,0
200,154A,78,208,20,3,17,1,49,1,0,0,0,0,1,2,0,380,3,0,383,0
201,155,91,216,49,1,5,0,14,3,0,0,2,1,1,1,2,386,7,0,393,0
202,155A,113,203,63,1,9,1,21,0,0,0,0,1,2,0,0,414,11,0,425,0
203,156,138,141,44,0,10,0,21,0,1,0,0,0,0,0,0,355,5,0,360,0
204,157,168,189,90,0,7,0,23,1,0,0,0,0,1,0,0,479,3,0,482,0
205,158,247,341,98,2,10,1,44,4,0,1,0,1,0,0,0,749,10,0,759,0
206,159,120,144,96,0,7,1,25,3,0,0,0,2,0,0,1,399,4,0,403,0
207,159A,134,230,71,0,5,1,30,4,0,0,0,1,1,1,0,478,12,0,490,0
208,160,258,199,33,0,4,0,29,0,0,0,0,0,0,0,0,523,2,0,525,0
209,161,109,190,54,1,2,0,19,0,0,6,0,0,0,0,0,381,6,0,387,0
210,162,220,236,28,2,7,0,35,1,0,42,1,0,2,1,1,576,6,0,582,0
211,163,349,148,11,0,2,2,77,4,0,24,2,0,1,0,0,620,10,0,630,0
212,164,320,115,16,0,3,1,49,3,0,17,0,1,0,0,0,525,5,0,530,0
213,165,174,365,50,1,7,0,21,0,0,0,0,0,0,0,0,618,3,0,621,0
214,166,177,249,41,1,4,0,18,1,0,0,0,0,1,1,0,493,5,0,498,0
215,166A,170,204,15,0,5,0,39,0,0,0,0,0,0,0,0,433,0,0,433,0
216,167,365,301,40,1,3,0,49,1,0,0,0,1,1,1,0,763,11,0,774,0
217,168,133,155,26,0,2,0,28,2,0,0,0,0,0,1,0,347,1,0,348,0
218,169,240,46,27,0,0,1,14,0,1,0,0,0,0,0,1,330,1,0,331,0
219,169A,175,34,11,0,0,0,5,0,0,0,1,0,0,0,0,226,1,0,227,0
220,170,340,75,16,0,1,0,18,0,0,0,0,0,0,0,0,450,1,0,451,0
221,171,303,81,33,0,2,0,11,0,0,0,0,0,0,1,0,431,3,0,434,0
222,172,496,147,29,1,0,1,34,1,0,0,0,0,0,0,0,709,5,0,714,0
223,173,557,210,17,0,9,0,30,1,0,10,0,1,1,0,1,837,7,0,844,0
224,174,128,281,91,1,6,0,8,2,0,0,1,0,0,1,0,519,3,0,522,0
225,175,227,168,277,1,8,0,37,0,0,0,0,1,0,0,0,719,5,0,724,0
226,176,83,166,196,2,1,1,6,1,1,1,2,1,2,4,0,467,5,0,472,0
227,177,208,67,108,1,4,0,20,1,0,0,0,0,0,1,0,410,0,0,410,0
228,177A,129,181,138,2,3,1,18,4,0,1,1,2,1,0,0,481,0,0,481,0
229,178,96,158,282,1,4,3,9,0,0,1,0,2,0,1,0,557,1,0,558,0
230,179,374,239,184,3,4,0,11,0,1,17,1,1,0,0,1,836,6,0,842,0
231,180,212,288,49,0,5,1,66,3,1,0,0,0,0,0,0,625,4,0,629,0
232,181,198,147,75,1,0,1,24,2,0,3,0,0,1,1,1,454,5,0,459,0
233,181A,326,110,24,0,3,0,21,1,0,1,0,0,0,0,1,487,1,0,488,0
234,182,145,174,104,1,4,1,32,3,0,0,0,1,0,0,0,465,12,0,477,0
235,182A,185,162,109,3,11,0,21,0,0,0,0,0,0,0,0,491,13,0,504,0
236,183,133,123,29,2,13,0,53,3,1,0,1,0,0,0,0,358,29,0,387,0
237,183A,157,190,34,2,8,0,28,0,0,0,0,1,1,1,0,422,10,0,432,0
238,184,193,157,196,0,9,0,39,0,0,1,0,0,0,1,1,597,3,0,600,0
239,185,439,267,13,1,4,0,41,1,0,2,0,0,0,2,0,770,4,0,774,0
240,186,333,207,18,1,5,0,32,1,1,3,2,2,0,1,2,608,6,0,614,0
241,187,356,222,14,1,0,0,34,5,0,1,0,1,1,0,2,637,1,0,638,0
242,188,229,209,44,0,16,0,37,3,0,0,1,0,1,0,5,545,20,0,565,0
243,188A,125,119,11,0,3,0,9,0,0,0,0,0,0,0,1,268,4,0,272,0
244,189,167,301,32,1,30,0,33,3,1,0,1,0,0,0,2,571,9,0,580,0
245,190,117,256,35,0,13,0,16,1,0,0,0,0,0,0,2,440,2,0,442,0
246,190A,115,220,74,0,18,0,28,2,1,1,0,0,0,1,0,460,6,0,466,0
247,191,171,266,46,0,27,0,41,2,0,0,1,1,1,0,0,556,4,0,560,0
248,192,159,251,35,0,13,0,23,2,1,1,0,0,0,0,0,485,10,0,495,0
249,193,144,245,18,0,14,0,46,1,0,0,1,0,0,0,0,469,12,0,481,0
250,193A,145,157,6,1,12,1,18,0,0,0,0,3,1,0,1,345,17,0,362,0
251,194,145,268,9,0,13,0,35,3,1,0,0,1,0,0,0,475,25,0,500,0
252,195,137,191,32,0,25,1,39,2,0,0,1,1,0,0,0,429,17,0,446,0
253,195A,106,197,12,0,8,0,17,1,0,0,0,0,0,0,1,342,24,0,366,0
254,196,381,222,70,1,11,1,36,3,0,0,0,0,0,1,1,727,6,0,733,0
255,197,234,97,27,1,5,0,1,0,0,1,0,0,0,1,4,371,2,0,373,0
256,198,260,76,23,1,3,0,12,2,0,0,0,0,0,0,0,377,3,0,380,0
257,198A,182,276,41,1,26,0,29,1,0,0,0,1,0,0,0,557,7,0,564,0
258,199,219,188,20,0,14,0,18,0,0,0,0,0,0,0,0,459,2,0,461,0
259,200,210,223,59,0,8,0,21,1,0,0,0,0,0,0,1,523,4,0,527,0
260,200A,264,111,18,3,3,1,8,0,0,0,0,0,0,0,1,409,6,0,415,0
261,201,248,289,64,1,10,1,32,3,0,0,0,0,0,0,3,651,1,0,652,0
262,202,275,221,131,0,10,0,37,1,0,1,0,0,0,0,0,676,4,0,680,0
263,203,66,112,71,0,0,0,13,1,0,0,1,0,0,0,1,265,2,0,267,0
264,204,388,150,175,1,8,0,57,1,1,0,0,1,0,0,0,782,3,0,785,0
265,205,341,112,106,0,8,0,28,1,0,0,1,0,0,1,0,598,2,0,600,0
266,206,208,149,16,1,13,0,27,1,0,0,1,0,0,0,0,416,6,0,422,0
267,206A,226,138,10,0,7,1,21,5,0,0,0,0,1,0,1,410,5,0,415,0
268,207,130,174,9,0,15,0,17,1,0,0,0,0,0,1,1,348,1,0,349,0
269,207A,212,100,5,0,9,0,17,0,0,1,0,0,1,0,0,345,4,0,349,0
270,208,149,147,26,2,11,0,26,2,1,0,0,0,0,0,0,364,5,0,369,0
271,208A,75,292,8,2,4,0,16,1,0,0,0,0,0,0,0,398,4,0,402,0
272,209,164,136,80,0,20,0,26,1,1,0,0,1,0,0,1,430,6,0,436,0
273,209A,142,153,78,1,10,0,18,3,0,0,0,1,0,0,0,406,1,0,407,0
274,210,309,160,21,0,65,2,48,3,0,0,1,1,0,0,0,610,9,0,619,0
275,211,314,95,17,1,64,0,47,2,0,0,0,0,0,0,0,540,6,0,546,0
276,212,78,119,70,1,3,0,9,0,0,0,0,0,0,1,2,283,3,0,286,0
277,212A,130,117,208,1,18,0,48,6,1,0,3,2,0,1,1,536,4,0,540,0
278,213,431,178,26,1,24,0,43,1,0,0,1,0,0,0,0,705,7,0,712,0
279,214,147,76,70,0,8,0,33,3,0,0,0,1,0,0,0,338,7,0,345,0
280,214A,179,126,40,1,12,0,34,2,1,0,0,1,0,0,1,397,2,0,399,0
281,215,146,163,81,0,11,0,23,2,0,0,0,0,0,0,0,426,8,0,434,0
282,216,92,122,11,0,13,0,20,0,0,0,0,0,0,0,0,258,4,0,262,0
283,216A,483,141,93,1,4,0,14,6,1,0,0,1,1,2,0,747,6,0,753,0
284,217,187,353,22,1,20,0,41,8,1,0,0,1,0,1,1,636,10,0,646,0
285,218,118,198,32,1,16,1,23,18,0,0,0,2,0,1,2,412,4,0,416,0
286,218A,134,156,24,1,18,0,43,23,0,0,0,0,0,0,0,399,8,0,407,0
287,219,175,191,43,2,14,1,41,11,0,0,2,0,0,0,0,480,9,0,489,0
288,219A,175,176,26,0,28,1,28,8,0,0,0,0,0,0,1,443,3,0,446,0
289,220,149,120,11,0,10,0,26,10,0,0,0,0,0,0,1,327,3,0,330,0
290,220A,163,159,15,0,7,0,36,12,0,0,0,1,0,1,2,396,2,0,398,0
291,221,130,296,49,1,24,0,17,4,0,0,1,1,1,1,2,527,12,0,539,0
292,222,123,293,60,1,20,1,23,1,0,0,0,0,2,0,0,524,8,0,532,0
293,223,105,193,49,0,13,0,15,3,0,0,0,1,0,0,0,379,3,0,382,0
294,223A,179,147,25,0,20,1,15,5,0,0,0,0,0,0,0,392,4,0,396,0
295,224,138,209,34,1,14,0,15,6,0,0,0,1,0,0,0,418,2,0,420,0
296,224A,155,261,32,0,21,0,27,5,0,0,0,0,0,0,0,501,6,0,507,0
297,225,365,172,38,0,10,1,68,4,0,0,0,1,0,0,0,659,8,0,667,0
298,226,105,143,27,0,21,1,17,2,0,0,0,0,0,0,0,316,6,0,322,0
299,227,234,214,42,0,27,1,48,2,0,0,0,0,0,0,1,569,13,0,582,0
300,228,218,219,63,1,25,1,26,7,0,0,0,0,0,0,2,562,5,0,567,0
301,229,108,182,38,0,17,0,7,1,0,0,0,0,1,0,0,354,8,0,362,0
302,229A,92,201,26,1,32,1,17,2,0,0,0,0,0,0,1,373,10,0,383,0
303,230,179,345,45,1,43,1,14,4,1,0,0,0,0,1,1,635,9,0,644,0
304,231,222,302,42,1,20,0,26,2,0,0,0,0,4,0,1,620,9,0,629,0
305,232,159,152,17,0,11,0,20,3,0,0,0,0,0,0,0,362,5,0,367,0
306,232A,262,85,29,0,12,8,19,1,0,0,0,0,0,0,2,418,3,0,421,0
307,233,426,92,16,1,14,0,15,0,0,0,0,1,0,0,1,566,9,0,575,0
308,233A,129,162,6,0,29,1,21,1,0,0,0,1,0,0,0,350,12,0,362,0
309,234,243,111,41,0,13,3,12,0,0,0,0,0,0,0,0,423,6,0,429,0
310,235,209,129,19,0,8,1,17,0,0,0,0,0,0,0,0,383,2,0,385,0
311,235A,218,158,18,1,11,4,40,2,0,0,0,1,0,0,0,453,6,0,459,0
312,236,127,244,33,1,22,0,16,0,0,1,0,0,1,0,1,446,11,0,457,0
313,237,245,180,28,3,40,0,36,1,0,0,0,0,0,0,1,534,7,0,541,0
314,238,146,93,24,0,27,0,43,0,0,0,0,2,0,0,0,335,7,0,342,0
315,238A,131,110,10,0,29,0,48,1,0,0,0,0,2,0,1,332,5,0,337,0
316,239,108,93,4,0,28,0,37,0,0,0,0,0,0,0,1,271,3,0,274,0
317,239A,142,124,15,0,34,0,30,0,0,0,1,0,0,0,1,347,7,0,354,0
318,240,193,179,23,0,42,0,84,3,0,0,0,1,0,0,0,525,9,0,534,0
319,241,207,205,23,0,29,0,53,3,1,0,1,0,0,0,1,523,9,0,532,0
320,242,245,253,24,0,39,0,72,8,0,0,1,0,0,1,0,643,11,0,654,0
321,243,218,267,50,0,29,1,26,2,1,0,0,1,0,1,0,596,5,0,601,0
322,243A,233,129,8,0,12,0,8,1,0,1,0,0,0,0,0,392,8,0,400,0
323,244,163,230,100,0,40,0,46,1,0,1,0,1,1,0,0,583,9,0,592,0
324,245,160,175,34,0,60,0,35,2,0,0,0,1,0,0,0,467,15,0,482,0
325,246,278,203,37,1,15,1,26,3,0,0,0,0,0,1,0,565,6,0,571,0
326,247,185,298,38,0,28,0,35,1,0,0,0,0,0,0,0,585,9,0,594,0
327,248,219,76,12,0,4,0,10,1,0,0,0,0,0,0,1,323,1,0,324,0
328,249,150,246,47,1,22,0,39,0,0,0,0,0,0,0,0,505,5,0,510,0
329,249A,150,175,23,3,33,1,45,3,0,0,0,0,0,1,0,434,6,0,440,0
330,250,242,161,13,1,67,1,41,1,0,0,0,0,0,0,0,527,9,0,536,0
331,251,173,124,28,0,47,1,44,3,0,1,0,1,0,0,0,422,11,0,433,0
332,252,200,285,59,1,31,0,74,2,1,0,3,0,1,1,0,658,8,0,666,0
333,253,188,156,26,1,28,0,65,0,0,0,0,0,0,1,1,466,5,0,471,0
334,254,348,63,15,0,11,9,29,2,0,0,0,1,0,0,1,479,3,0,482,0
335,254A,343,67,15,0,11,10,21,3,0,0,0,0,0,0,1,471,5,0,476,0
336,255,254,61,21,0,3,20,10,1,0,0,0,0,0,2,0,372,4,0,376,0
337,255A,434,51,18,0,14,6,19,0,1,0,0,0,1,0,0,544,6,0,550,0
338,256,161,107,28,2,34,2,17,2,0,0,0,0,0,0,1,354,9,0,363,0
339,256A,276,83,12,0,16,3,15,0,0,0,0,0,0,0,0,405,6,0,411,0
340,257,170,159,10,2,54,1,61,1,0,0,0,1,0,0,0,459,6,0,465,0
341,258,233,173,19,0,70,3,54,0,0,0,0,0,0,0,1,553,7,0,560,0
342,259,251,75,8,0,8,0,22,0,0,0,0,0,0,0,0,364,4,0,368,0
343,259A,190,77,14,0,11,0,28,1,0,0,0,0,0,0,0,321,4,0,325,0
344,260,212,95,24,0,8,0,31,2,0,0,0,0,0,0,0,372,5,0,377,0
345,260A,176,84,22,0,14,0,21,1,0,0,0,0,0,0,0,318,4,0,322,0
346,261,378,126,37,1,24,0,81,1,0,0,0,0,0,0,1,649,7,0,656,0
347,262,210,130,14,0,13,0,61,2,0,1,0,0,1,1,1,434,3,0,437,0
348,262A,244,123,5,1,16,0,53,1,0,2,0,0,0,0,0,445,10,0,455,0
349,263,265,247,27,0,11,4,56,2,0,1,2,0,0,0,1,616,5,0,621,0
350,264,372,105,9,0,5,0,87,2,1,2,0,1,0,0,1,585,5,0,590,0
351,264A,130,149,19,0,11,0,27,0,0,1,1,0,0,0,1,339,1,0,340,0
352,265,230,188,32,0,11,1,58,4,0,0,1,1,0,1,0,527,9,0,536,0
353,265A,128,149,19,0,6,0,39,1,0,0,0,0,0,0,0,342,2,0,344,0
354,266,176,149,10,0,47,2,41,1,0,0,0,0,0,0,0,426,7,0,433,0
355,267,160,150,22,0,36,1,43,1,0,1,0,0,1,0,1,416,9,0,425,0
356,268,145,146,19,1,34,0,29,4,0,0,0,0,0,0,0,378,4,0,382,0
357,268A,115,155,28,0,17,0,37,0,0,0,0,0,0,0,0,352,2,0,354,0
358,269,209,192,21,0,46,0,51,1,0,0,1,0,0,0,0,521,13,0,534,0
359,270,134,108,7,0,42,1,62,0,0,0,0,0,0,0,0,354,6,0,360,0
360,271,168,121,69,1,17,2,44,1,0,0,0,0,0,0,0,423,8,0,431,0
361,271A,196,141,35,0,12,5,29,1,0,0,0,0,0,0,0,419,6,0,425,0
362,272,167,128,14,0,35,1,55,0,0,0,0,0,0,0,0,400,7,0,407,0
363,273,180,159,22,0,55,2,84,6,1,0,0,0,0,0,0,509,7,0,516,0
364,274,210,230,32,1,45,0,82,6,0,0,0,1,0,0,0,607,6,0,613,0
365,275,136,130,17,0,40,1,54,1,0,0,0,0,0,0,0,379,5,0,384,0
366,275A,140,148,18,0,49,0,56,1,0,0,0,1,0,0,0,413,6,0,419,0
367,276,124,131,8,0,26,0,58,2,0,0,0,0,0,1,0,350,6,0,356,1
368,277,134,125,15,1,29,0,27,0,0,0,0,1,0,0,0,332,4,0,336,0
369,277A,137,129,11,1,19,0,40,1,0,0,0,0,0,0,0,338,3,0,341,0
370,278,171,202,14,0,38,2,46,1,0,0,0,0,1,0,1,476,6,0,482,0
371,279,182,224,23,1,28,0,32,2,1,0,0,0,0,0,1,494,7,0,501,0
372,280,197,194,17,1,25,0,58,0,0,0,0,0,0,0,3,495,8,0,503,0
373,280A,101,96,8,0,8,0,29,0,0,0,0,0,0,0,0,242,2,0,244,0
374,281,253,283,17,0,41,0,67,2,0,0,0,0,0,0,0,663,16,0,679,0
375,282,154,163,19,1,33,0,38,1,0,1,0,0,0,0,1,411,3,0,414,0
376,282A,87,91,8,1,25,0,23,3,0,0,0,1,0,0,0,239,2,0,241,0
377,283,182,167,12,0,28,0,26,0,0,0,0,1,0,1,0,417,4,0,421,0
378,283A,206,170,22,0,35,0,58,2,0,1,0,0,0,1,0,495,4,0,499,0
379,284,345,96,128,0,7,0,58,0,0,1,0,0,1,0,0,636,4,0,640,0
380,284A,135,125,125,1,6,0,27,3,0,0,0,0,1,0,1,424,2,0,426,0
381,285,161,156,225,3,17,0,37,0,0,2,1,0,0,0,1,603,2,0,605,0
382,285A,57,76,111,0,2,0,9,1,0,0,0,0,0,0,0,256,1,0,257,0
383,286,137,124,10,1,16,0,35,0,0,0,1,0,0,0,0,324,3,0,327,0
384,286A,158,100,12,0,14,1,48,1,0,0,0,0,1,0,0,335,2,0,337,0
385,287,255,188,29,0,33,0,45,1,0,2,0,1,1,0,2,557,6,0,563,0
386,288,138,129,18,0,28,0,52,1,0,0,0,0,1,0,0,367,4,0,371,0
387,288A,122,115,7,0,19,0,32,1,1,0,0,1,0,0,0,298,5,0,303,0
388,289,191,232,89,1,13,0,56,1,0,0,0,0,0,0,0,583,7,0,590,0
389,290,226,236,11,1,49,1,79,4,0,0,0,1,0,0,2,610,14,0,624,0
390,291,127,103,7,0,46,1,13,0,0,0,0,0,0,0,0,297,7,0,304,0
391,292,189,177,14,1,62,0,29,2,0,0,0,0,0,0,0,474,10,0,484,0
392,293,173,186,23,0,92,0,25,3,0,0,0,0,0,0,0,502,13,0,515,0
393,294,215,171,13,0,40,0,31,0,0,0,0,0,0,0,0,470,5,0,475,0
394,295,255,172,22,0,33,0,50,2,0,0,0,0,0,0,0,534,6,0,540,0
395,296,185,130,12,1,38,1,47,2,1,0,0,0,0,0,0,417,12,0,429,0
396,296A,154,114,11,3,25,2,34,0,0,1,0,0,0,0,1,345,5,0,350,0
397,297,254,154,18,1,9,3,23,2,0,0,0,0,0,0,1,465,6,0,471,0
398,297A,220,141,30,0,14,4,50,2,1,1,1,0,0,0,1,465,7,0,472,0
