Sl. No,Polling Station No,Sundararajan .S AIADMK,DMKK.M.Rajesh,KTMT C. Sivalingam,K. Sengodan MNM,A. Chellamuthu AMMK,PIMK.Settu,S. Shobana NTK,IPG P. Ravikumar,A. Arokiasami IND,M. Gunasekaran IND,S. Gopalakrishnan IND,V. Sathishkumar IND,R. Sengoten IND,C. Durairaj IND,M. Palaniyappan IND,M. Bakkiyamani IND,K. Prabhu IND,P. Manivel IND,P. Vijayakumar IND,"INDK.Vijayan,@Viji",T. Vengadachalam IND,I. Jaganathan IND,M. Jagannathan IND,Total Valid Votes,Rejected Votes,NOTA,Total Votes
1,1M,152,252,0,9,3,0,14,0,0,0,0,0,0,0,0,1,0,0,0,0,0,0,0,431,0,0,431
2,1A(W),158,234,1,2,2,0,5,1,0,0,0,0,0,2,0,2,0,1,1,0,0,0,0,409,2,0,411
3,2,314,376,9,5,7,0,14,5,1,0,1,0,1,0,0,1,2,0,0,0,0,0,0,736,1,0,737
4,3,317,402,1,2,0,0,21,1,2,0,1,1,0,0,0,2,0,1,0,0,0,0,0,751,0,0,751
5,4,404,377,1,4,17,1,29,0,0,0,3,0,0,0,3,1,0,0,0,1,0,1,0,842,4,0,846
6,5,216,346,12,12,11,0,37,2,3,0,1,0,0,0,1,3,3,2,0,0,0,0,1,650,3,0,653
7,6,319,256,5,6,3,0,19,4,1,1,0,0,0,2,5,5,7,2,0,2,1,0,2,640,10,0,650
8,7,263,237,5,3,4,0,18,0,4,0,0,1,1,1,1,2,2,1,0,0,0,0,0,543,3,0,546
9,8,322,365,5,2,3,0,47,0,0,1,0,1,0,1,2,1,0,0,0,0,0,0,0,750,7,0,757
10,9,234,473,7,5,7,0,37,0,1,0,0,0,0,0,3,3,2,2,0,0,0,0,0,774,2,0,776
11,10M,288,231,2,1,3,0,27,1,0,1,0,0,0,0,1,1,1,0,0,0,0,0,0,557,4,0,561
12,10A(W),277,226,1,1,2,0,4,1,0,0,0,0,0,1,0,3,1,0,0,0,0,0,0,517,2,0,519
13,11,206,315,3,4,5,1,34,0,0,1,1,0,0,1,2,1,1,0,0,0,0,1,1,577,3,0,580
14,12,232,284,3,3,3,0,27,0,0,0,0,0,2,0,1,2,1,2,0,0,0,0,0,560,8,0,568
15,13,159,355,4,2,6,1,24,0,0,0,0,1,0,0,1,1,3,0,1,0,0,0,0,558,4,0,562
16,14,258,317,1,0,10,0,25,1,0,1,0,1,0,0,0,3,1,1,0,0,0,0,0,619,3,0,622
17,15,191,242,2,4,3,0,42,2,2,1,2,0,0,1,1,5,6,2,2,0,0,0,1,509,4,0,513
18,16M,179,216,3,2,1,0,27,1,1,1,0,0,0,0,0,4,1,0,0,0,0,1,0,437,1,0,438
19,16A(W),183,200,4,7,1,0,9,0,0,1,3,0,0,0,3,3,0,0,0,0,0,0,0,414,1,0,415
20,17,200,355,6,4,10,0,23,0,1,1,1,0,0,0,2,0,3,1,0,0,0,1,2,610,2,0,612
21,18,144,283,4,2,4,0,25,1,0,0,0,0,0,0,1,0,0,1,0,0,0,0,0,465,2,0,467
22,19M,156,310,2,11,3,0,32,0,0,0,1,0,1,1,1,1,4,5,0,0,0,1,0,529,3,0,532
23,19A(W),173,282,6,3,1,0,11,1,0,0,0,2,0,2,1,3,0,0,0,0,0,0,0,485,3,0,488
24,20,163,236,2,2,9,0,15,0,0,0,0,0,0,2,0,2,2,0,0,0,0,0,0,433,4,0,437
25,21M,148,260,1,0,2,0,11,0,0,0,2,0,2,0,0,3,0,0,0,0,0,0,0,429,5,0,434
26,21A(W),153,225,6,3,0,0,9,1,1,0,1,1,1,1,3,2,1,1,1,0,0,0,1,411,3,0,414
27,22M,132,309,2,8,2,0,26,0,0,0,0,0,0,0,0,1,1,0,0,0,0,0,0,481,2,0,483
28,22A(W),140,295,4,7,0,0,16,0,0,1,0,0,1,0,1,2,1,1,0,0,0,0,0,469,1,0,470
29,23M,143,315,0,12,4,0,25,1,0,0,0,0,0,0,0,0,0,0,0,0,0,0,1,501,7,0,508
30,23A(W),179,275,5,13,2,0,10,0,0,0,0,1,0,0,0,1,0,0,0,0,0,1,0,487,1,0,488
31,24M,151,293,1,8,0,0,38,0,0,0,0,1,0,0,0,0,0,0,0,0,0,0,0,492,5,0,497
32,24A(W),181,235,1,7,0,0,12,1,0,1,0,0,0,2,4,7,0,1,0,0,0,0,2,454,4,0,458
33,25,301,309,1,15,4,0,34,0,1,1,0,0,0,1,3,1,3,0,0,0,0,1,0,675,5,0,680
34,26,262,256,3,11,0,0,26,2,1,1,1,2,1,0,2,1,1,0,0,0,0,0,0,570,4,0,574
35,27,317,352,7,0,3,0,24,2,1,1,0,1,1,3,3,1,1,1,0,0,0,1,0,719,4,0,723
36,28,237,282,3,6,1,0,20,1,0,0,0,1,1,1,1,5,1,1,0,0,0,0,0,561,4,0,565
37,29M,334,270,1,2,5,2,38,1,0,1,1,0,0,0,2,0,0,0,0,0,0,0,0,657,6,0,663
38,29A(W),354,181,2,0,6,2,12,0,0,1,0,0,0,0,1,2,1,1,0,0,0,0,0,563,1,0,564
39,30M,237,199,3,9,3,0,57,0,1,0,0,0,0,0,0,3,1,0,1,0,0,0,0,514,3,0,517
40,30A(W),258,227,2,5,0,0,7,2,0,0,0,0,0,0,1,5,2,0,0,0,0,1,0,510,4,0,514
41,31,423,265,4,12,5,0,37,2,0,0,1,0,0,0,0,4,2,0,1,1,0,0,0,757,1,0,758
42,32,390,207,8,5,3,2,25,2,0,0,1,3,1,2,0,7,3,0,1,0,0,0,0,660,7,0,667
43,33,298,301,2,10,13,0,35,2,0,0,1,0,0,0,1,6,0,1,0,0,0,0,0,670,2,0,672
44,34M,224,208,2,5,1,0,38,2,0,0,1,0,0,0,1,1,1,0,0,0,0,0,0,484,4,0,488
45,34A(W),228,200,7,8,0,0,13,0,0,1,0,2,1,1,3,1,3,0,0,0,0,0,0,468,2,0,470
46,35,413,301,6,11,1,1,29,0,0,0,3,2,1,1,3,6,3,0,0,1,0,0,0,782,9,0,791
47,36,327,422,4,2,1,2,30,2,3,1,1,0,0,1,4,0,0,0,0,0,0,1,1,802,7,0,809
48,37,255,381,15,1,2,0,23,1,2,0,4,0,1,3,2,5,3,3,0,0,0,0,1,702,9,0,711
49,38,270,274,7,7,2,1,30,3,2,2,0,1,0,1,1,4,2,1,0,0,0,0,0,608,0,0,608
50,39,269,417,4,4,7,1,31,4,2,1,0,1,0,0,1,3,1,0,0,0,0,0,0,746,3,0,749
51,40,187,246,2,4,5,1,17,1,0,0,2,1,0,0,2,2,0,1,0,0,0,0,0,471,2,0,473
52,41,277,495,5,8,6,0,28,3,0,1,1,0,3,2,0,2,7,2,1,0,1,1,1,844,2,0,846
53,42,280,346,4,10,4,0,46,2,0,0,2,0,4,2,1,4,1,2,0,1,0,1,2,712,2,0,714
54,43,263,301,2,4,1,1,19,1,0,0,1,0,0,0,2,1,0,0,0,0,0,0,0,596,7,0,603
55,44,335,212,2,3,0,0,14,0,0,0,0,0,0,1,1,4,1,0,0,0,0,0,0,573,2,0,575
56,45,394,253,2,4,2,0,15,1,2,0,0,0,0,0,1,4,2,1,0,0,0,0,1,682,3,0,685
57,46M,241,149,1,7,1,0,47,1,0,0,1,0,0,0,0,2,1,0,0,0,0,0,0,451,7,0,458
58,46A(W),265,154,0,4,0,0,17,2,1,0,0,0,0,1,0,1,0,0,0,0,0,0,0,445,2,0,447
59,47,228,318,2,5,0,0,22,0,2,0,0,0,0,1,2,2,0,2,0,0,0,0,1,585,2,0,587
60,48,366,264,2,3,1,0,19,1,1,1,1,1,0,1,1,5,1,1,0,0,0,0,1,670,2,0,672
61,49M,260,167,1,4,1,1,53,0,0,0,0,0,0,1,0,2,1,1,0,0,0,1,1,494,2,0,496
62,49A(W),297,168,2,5,1,0,19,2,0,0,0,0,1,1,1,7,0,0,0,0,0,0,0,504,2,0,506
63,50,192,234,6,4,0,0,39,2,3,0,1,0,1,1,7,1,0,0,0,0,0,0,2,493,3,0,496
64,51,493,148,4,6,0,0,14,0,1,0,0,0,0,0,2,2,0,0,0,0,0,0,0,670,6,0,676
65,52,206,305,1,6,1,2,40,0,0,0,0,0,0,0,3,2,1,1,1,0,0,0,0,569,5,0,574
66,53M,181,235,1,6,6,0,37,0,0,1,1,0,0,2,1,3,2,0,0,0,0,1,1,478,4,0,482
67,53A(W),212,235,2,6,9,0,13,2,0,0,0,0,0,2,3,2,0,0,0,0,0,0,0,486,1,0,487
68,54,352,354,7,3,0,0,50,1,0,0,2,0,0,0,0,2,1,1,0,0,0,0,0,773,2,0,775
69,55,177,242,4,3,3,0,25,0,0,0,0,0,1,0,3,3,0,1,0,0,0,0,1,463,3,0,466
70,56,484,302,4,15,10,1,39,0,0,0,0,0,0,1,8,4,0,3,0,0,0,1,1,873,8,0,881
71,57,341,173,2,20,2,1,27,0,1,0,0,0,0,1,1,0,0,0,0,0,0,0,0,569,7,0,576
72,58,315,233,2,4,0,0,69,1,1,1,0,1,0,0,0,3,0,2,0,0,0,0,0,632,5,0,637
73,59,241,501,4,5,0,0,67,0,0,0,0,0,0,1,2,6,2,2,0,0,0,0,1,832,2,0,834
74,60,420,312,2,7,1,0,39,0,1,0,0,0,0,0,2,4,4,7,0,0,0,0,2,801,6,0,807
75,61,273,347,2,5,2,2,57,3,1,0,4,0,1,1,7,5,0,1,2,0,0,1,1,715,11,0,726
76,62,324,177,5,5,1,0,28,1,0,0,1,0,0,0,0,2,0,0,0,0,0,0,1,545,3,0,548
77,63,278,342,2,7,14,0,44,1,0,1,0,0,1,1,2,5,0,1,0,0,0,0,0,699,2,0,701
78,64,182,249,2,9,0,1,34,2,1,0,1,0,0,0,1,0,0,2,0,0,0,0,0,484,4,0,488
79,65,460,351,4,6,6,2,35,0,1,2,0,0,1,0,0,2,2,2,0,0,0,1,2,877,2,0,879
80,66M,210,206,0,3,4,0,35,0,0,0,1,0,0,0,1,2,0,0,0,0,0,0,0,462,5,0,467
81,66A(W),247,196,1,5,2,0,18,0,0,0,0,0,0,1,4,5,2,2,0,0,0,1,1,485,2,0,487
82,67,286,261,3,6,6,0,45,1,0,1,0,1,0,0,1,2,4,0,0,0,0,0,1,618,2,0,620
83,68,311,275,7,6,3,0,41,0,0,0,1,0,0,3,4,3,3,0,1,0,0,0,1,659,4,0,663
84,69,220,126,0,4,0,0,24,1,0,0,0,0,0,0,1,1,0,0,0,0,0,0,0,377,3,0,380
85,70M,262,210,3,7,2,0,38,0,0,0,0,0,0,0,1,1,0,0,0,0,0,1,0,525,4,0,529
86,70A(W),302,182,4,4,2,0,12,1,0,1,0,1,0,0,3,3,1,0,0,1,0,0,0,517,4,0,521
87,71,294,190,0,2,0,0,13,1,1,0,1,0,0,2,1,1,1,0,0,0,0,0,0,507,4,0,511
88,72M,211,167,0,11,0,0,37,0,0,0,0,0,0,0,1,4,1,0,0,0,1,0,0,433,1,0,434
89,72A(W),244,145,1,10,0,0,20,0,1,1,2,1,2,4,4,9,0,2,0,0,0,0,0,446,2,0,448
90,73,307,288,2,9,5,1,54,1,0,1,2,1,1,1,5,5,0,0,1,0,0,0,1,685,3,0,688
91,74M,155,162,1,13,2,0,25,1,0,0,0,0,0,0,0,0,0,0,0,0,0,0,0,359,4,0,363
92,74A(W),180,176,1,24,0,0,12,0,0,0,0,0,0,0,1,2,1,0,0,0,0,0,0,397,4,0,401
93,75M,175,143,1,9,5,0,18,0,0,0,0,0,0,2,0,2,0,0,0,0,0,0,0,355,1,0,356
94,75A(W),166,138,1,13,2,0,12,0,0,0,1,1,0,0,0,2,0,0,0,0,0,0,0,336,3,0,339
95,76,207,157,1,17,1,0,11,0,0,0,1,0,0,0,0,1,1,0,0,0,0,0,0,397,3,0,400
96,77,229,165,1,11,1,0,22,0,0,0,0,0,0,1,0,0,0,1,0,0,0,0,0,431,5,0,436
97,78M,147,212,0,4,2,0,39,0,0,0,0,0,0,0,2,4,1,0,0,1,0,0,0,412,11,0,423
98,78A(W),183,226,2,4,1,1,20,0,0,0,0,0,0,1,0,2,0,0,0,0,0,0,2,442,2,0,444
99,79M,97,208,2,12,0,0,28,0,0,0,0,0,0,0,2,1,0,0,0,0,0,0,0,350,2,0,352
100,79A(W),123,228,1,5,1,1,9,0,0,1,1,0,0,1,5,3,2,0,1,0,0,1,0,383,1,0,384
101,80,285,252,2,16,1,1,38,2,0,0,0,0,0,0,0,1,0,0,1,0,0,0,0,599,4,0,603
102,81,368,330,3,18,3,0,57,0,0,0,0,0,0,3,1,2,1,1,0,1,0,0,0,788,5,0,793
103,82M,167,204,1,18,2,1,57,1,1,1,0,0,0,0,0,1,1,0,0,0,0,0,0,455,2,0,457
104,82A(W),181,217,2,12,1,0,16,2,0,0,0,0,0,1,1,4,1,0,1,1,0,2,2,444,4,0,448
105,83M,189,192,0,17,0,0,43,0,0,0,0,0,0,0,0,2,1,0,0,0,0,0,0,444,3,0,447
106,83A(W),212,186,3,12,0,1,20,0,0,0,1,0,3,1,4,2,0,2,0,0,0,1,0,448,1,0,449
107,84M,186,156,0,11,1,0,18,1,1,0,0,0,0,1,1,0,0,0,0,0,0,0,1,377,2,0,379
108,84A(W),201,154,1,11,1,0,22,0,0,0,1,0,0,3,0,1,1,0,1,0,0,0,0,397,5,0,402
109,85,257,313,0,28,3,0,33,0,0,1,0,1,0,0,0,1,0,0,0,0,0,0,0,637,8,0,645
110,86,278,347,0,6,2,0,44,0,0,0,0,0,0,1,0,1,1,0,0,0,0,0,1,681,3,0,684
111,87,139,184,1,16,1,1,12,0,0,0,0,0,0,1,0,0,1,0,0,0,0,0,0,356,9,0,365
112,88,207,288,2,21,10,1,52,0,0,0,0,0,0,4,0,1,0,0,0,0,0,0,0,586,4,0,590
113,89,112,184,0,17,1,1,22,0,0,0,1,0,0,2,0,0,1,1,0,0,0,0,0,342,3,0,345
114,90,161,444,1,13,5,0,44,0,0,0,0,0,0,8,0,0,0,0,0,0,1,0,0,677,4,0,681
115,91,90,165,0,13,1,0,20,1,0,0,1,0,0,2,2,0,0,1,0,0,0,0,0,296,3,0,299
116,92,290,237,2,10,1,0,31,0,1,0,0,0,0,1,2,0,0,0,0,0,0,0,0,575,10,0,585
117,93,230,175,0,15,1,0,24,0,0,0,0,0,0,0,0,1,1,1,0,0,0,0,0,448,3,0,451
118,94,318,204,1,19,1,0,42,0,1,0,1,0,2,0,0,7,0,0,0,0,0,0,0,596,5,0,601
119,95,371,293,1,31,2,0,51,0,0,0,0,1,0,0,0,9,4,2,0,0,0,0,0,765,3,0,768
120,96,390,307,6,10,3,0,38,1,0,1,0,0,2,0,3,6,1,0,0,0,0,0,0,768,4,0,772
121,97,276,311,5,2,3,1,35,0,1,0,0,0,1,1,3,2,2,3,0,1,0,0,0,647,13,0,660
122,98,246,241,4,9,0,0,34,0,1,1,1,0,0,2,0,5,3,1,0,0,0,0,0,548,11,0,559
123,99,267,291,4,9,3,0,45,0,0,0,0,0,0,3,0,1,0,3,0,0,0,1,0,627,6,0,633
124,100M,126,205,0,8,0,0,32,0,0,0,0,0,0,1,3,1,0,0,0,0,0,0,0,376,5,0,381
125,100A(W),151,214,2,10,0,0,20,0,0,0,0,1,0,0,1,0,2,0,0,0,0,0,0,401,7,0,408
126,101M,112,168,0,12,1,0,32,0,0,0,0,0,0,0,0,5,0,0,0,0,0,0,0,330,1,0,331
127,101A(W),140,159,1,20,0,0,26,2,0,0,1,0,1,0,4,8,0,0,0,0,0,0,0,362,5,0,367
128,102,211,256,2,22,0,1,69,0,0,0,0,1,0,0,0,2,0,0,0,1,0,2,0,567,4,0,571
129,103,312,308,1,18,1,0,40,0,0,1,1,0,1,0,0,3,0,0,0,0,0,0,0,686,5,0,691
130,104,276,365,3,3,2,0,32,0,2,1,1,1,0,2,5,4,2,1,0,0,0,1,0,701,5,0,706
131,105,354,316,4,5,7,0,41,1,0,2,1,1,1,0,2,2,1,1,1,1,0,0,2,743,4,0,747
132,106,116,213,6,6,7,0,15,0,0,0,0,0,0,1,0,1,0,0,0,0,0,0,0,365,1,0,366
133,107,195,248,3,5,0,0,21,0,0,0,1,0,0,1,5,1,0,0,0,0,1,0,0,481,10,0,491
134,108,260,283,4,3,1,0,27,0,0,0,4,0,0,0,2,4,2,1,0,0,0,2,2,595,4,0,599
135,109,367,165,2,11,0,0,31,1,0,0,1,0,1,0,1,4,1,0,1,0,0,0,1,587,3,0,590
136,110,206,251,5,4,4,0,27,0,0,0,0,0,1,0,4,6,1,0,0,0,0,1,1,511,0,0,511
137,111,249,191,2,6,1,0,34,1,0,0,0,0,0,2,1,5,0,0,0,0,0,0,1,493,8,0,501
138,112,287,368,0,3,2,0,41,0,1,1,0,0,0,0,4,1,2,4,2,1,2,0,1,720,2,0,722
139,113,272,415,4,6,2,0,42,0,0,0,3,0,0,2,3,0,1,1,0,0,0,1,1,753,4,0,757
140,114,239,304,5,5,4,0,37,1,0,1,0,0,0,1,0,4,0,0,0,1,0,0,0,602,0,0,602
141,115,147,260,5,4,2,0,26,1,0,2,2,1,0,1,6,3,2,1,1,0,1,0,0,465,4,0,469
142,116M,182,265,1,5,5,0,27,0,0,0,0,0,1,0,0,1,0,0,0,0,0,0,0,487,2,0,489
143,116A(W),208,271,9,7,2,0,10,1,2,0,2,0,1,1,3,2,1,2,0,0,0,1,1,524,6,0,530
144,117M,182,237,0,15,4,0,48,0,0,0,1,0,0,0,1,0,0,0,0,0,0,0,0,488,4,0,492
145,117A(W),181,210,1,12,1,1,23,1,0,0,0,1,1,0,1,3,1,1,1,0,0,0,0,439,3,0,442
146,118,225,208,4,7,3,0,74,0,0,1,2,0,1,1,1,2,3,0,1,0,0,0,0,533,4,0,537
147,119,159,280,1,5,2,0,36,0,0,0,0,0,1,0,4,0,2,1,0,0,0,0,0,491,4,0,495
148,120,233,254,4,7,6,0,35,1,0,0,0,0,0,1,0,1,0,0,1,0,0,0,0,543,3,0,546
149,121M,207,176,0,4,2,0,35,0,0,0,1,1,1,0,4,2,0,0,0,0,1,0,0,434,0,0,434
150,121A(W),199,158,3,2,2,1,6,0,0,0,0,1,0,3,3,6,0,0,0,0,0,1,0,385,3,0,388
151,122,215,137,1,7,1,0,26,0,0,1,0,1,0,0,1,1,2,0,0,0,0,0,1,394,5,0,399
152,123,280,140,2,27,0,0,29,0,0,0,0,0,0,0,0,0,2,0,0,0,0,0,0,480,7,0,487
153,124M,188,192,1,19,2,0,56,1,1,0,0,0,0,0,0,1,0,0,0,0,0,0,0,461,4,0,465
154,124A(W),209,165,2,14,0,0,24,1,0,0,0,0,0,0,0,1,0,0,0,0,0,0,1,417,0,0,417
155,125,251,288,1,2,0,0,9,0,0,0,0,0,1,0,3,6,0,0,0,0,0,0,0,561,5,0,566
156,126,292,224,4,7,0,0,11,0,0,0,0,0,0,0,6,1,1,1,0,0,0,0,0,547,0,0,547
157,127,377,375,0,8,0,2,54,0,0,0,1,0,0,3,2,4,0,1,0,0,0,0,0,827,4,0,831
158,128,392,387,1,9,3,1,47,0,0,0,1,1,0,0,1,7,5,1,1,0,0,0,0,857,6,0,863
159,129,174,307,2,10,0,0,28,1,0,0,0,0,0,0,3,1,3,1,1,1,0,0,0,532,2,0,534
160,130,312,203,0,12,1,1,26,0,3,0,0,0,0,0,0,0,0,0,0,0,0,0,0,558,2,0,560
161,131,232,149,2,11,1,0,41,0,1,0,1,0,0,0,0,1,1,0,0,0,0,0,0,440,4,0,444
162,132,319,301,1,14,1,0,32,0,1,0,0,0,0,2,1,4,1,0,1,0,0,1,0,679,3,0,682
163,133,262,200,0,11,1,1,43,2,0,1,1,0,0,1,1,1,0,0,0,0,0,0,2,527,4,0,531
164,134,287,334,3,5,7,1,36,1,0,0,0,0,1,0,2,4,2,0,1,0,1,0,0,685,3,0,688
165,135,336,217,1,34,4,0,49,0,0,0,0,0,0,0,1,3,2,1,0,0,0,0,2,650,7,0,657
166,136,387,193,2,7,0,0,27,0,0,0,0,0,0,0,3,0,5,1,0,0,0,0,0,625,5,0,630
167,137M,240,237,5,5,1,0,25,0,1,1,0,0,0,0,0,0,0,0,1,0,0,0,1,517,3,0,520
168,137A(W),267,211,2,7,0,0,14,0,0,0,1,1,1,0,2,4,1,0,0,0,0,0,1,512,5,0,517
169,138,338,397,4,7,0,0,30,0,1,0,0,1,0,1,5,2,1,2,0,0,0,0,0,789,0,0,789
170,139M,208,246,2,4,3,0,45,1,0,0,0,0,1,1,0,5,0,1,0,0,0,0,0,517,1,0,518
171,139A(W),268,235,4,6,3,0,19,0,1,2,0,0,0,1,1,10,1,2,1,0,0,0,0,554,3,0,557
172,140,238,201,2,8,0,0,16,7,0,0,0,0,0,0,4,1,0,0,0,0,0,0,0,477,4,0,481
173,141,330,389,3,11,0,0,42,0,0,1,0,1,0,1,2,1,1,3,0,0,0,0,0,785,5,0,790
174,142,295,243,3,5,4,0,37,0,0,0,0,0,0,1,3,4,1,1,1,0,1,0,0,599,4,0,603
175,143,270,289,0,4,1,0,37,0,0,0,0,0,0,0,3,2,1,1,0,1,0,1,0,610,0,0,610
176,144,125,173,0,1,0,1,21,0,0,0,1,0,0,0,2,1,1,4,0,0,0,0,0,330,3,0,333
177,145,256,231,1,5,5,0,29,0,2,0,0,0,0,2,4,2,0,0,0,0,1,0,1,539,5,0,544
178,146,252,295,2,1,3,0,32,0,0,0,2,1,0,1,5,5,0,0,0,0,1,0,0,600,5,0,605
179,147,353,200,2,8,3,1,28,0,0,0,0,0,1,1,3,1,0,0,0,0,0,0,0,601,4,0,605
180,148,236,163,6,6,5,0,23,0,0,0,0,0,0,1,0,1,0,1,0,0,0,0,0,442,3,0,445
181,149,429,399,1,12,4,0,29,1,1,0,0,0,0,2,3,2,1,2,0,0,0,0,0,886,9,0,895
182,150,451,224,0,2,4,0,26,1,0,0,0,0,0,0,1,0,4,3,0,0,0,0,0,716,5,0,721
183,151,462,270,2,9,1,0,43,1,1,0,0,0,0,0,1,3,1,2,0,0,0,2,0,798,5,0,803
184,152,420,340,3,5,0,0,24,0,1,0,0,1,0,0,1,5,2,0,1,0,0,0,1,804,3,0,807
185,153,169,322,1,8,4,0,16,0,0,0,0,0,0,0,2,1,0,1,0,0,0,3,0,527,1,0,528
186,154,345,302,6,6,4,0,26,1,0,1,0,0,0,0,2,1,0,0,0,0,0,0,0,694,1,0,695
187,155M,274,205,2,5,2,1,21,1,0,0,0,0,0,1,2,1,0,0,0,0,0,0,0,515,1,0,516
188,155A(W),270,202,2,3,0,0,9,0,1,0,1,1,0,1,1,2,3,0,0,0,1,0,0,497,5,0,502
189,156,490,262,2,6,0,1,37,0,1,0,1,1,0,0,1,1,1,1,0,1,0,0,1,807,4,0,811
190,157,365,278,1,2,6,2,19,1,0,0,0,0,0,0,2,3,2,2,1,0,1,2,0,687,4,0,691
191,158,445,234,4,4,1,0,16,0,2,1,0,2,0,0,1,1,0,0,0,1,0,0,0,712,7,0,719
192,159,422,150,3,3,1,0,23,0,0,0,0,1,0,0,2,0,3,2,0,0,0,0,0,610,2,0,612
193,160,407,226,1,1,0,0,28,0,0,0,0,0,2,0,0,0,2,0,0,0,0,0,0,667,1,0,668
194,161M,306,206,5,6,5,0,19,0,0,0,0,0,0,0,0,0,0,0,0,0,0,2,0,549,5,0,554
195,161A(W),293,193,7,4,3,0,9,0,0,0,0,1,0,0,0,2,0,1,0,0,0,0,0,513,2,0,515
196,162M,314,170,0,6,2,0,15,0,0,0,0,0,0,0,0,1,1,1,0,0,0,1,1,512,0,0,512
197,162A(W),302,152,3,2,0,1,3,0,0,0,0,0,0,0,0,4,3,0,0,0,0,0,0,470,3,0,473
198,163M,273,200,0,5,10,1,24,0,0,0,1,0,0,0,0,1,0,0,0,0,0,0,0,515,2,0,517
199,163A(W),259,195,1,2,7,0,7,0,0,1,0,0,0,0,1,1,2,1,0,0,0,0,0,477,3,0,480
200,164,416,247,1,1,3,0,12,0,0,0,0,0,0,0,1,2,0,0,0,0,0,0,0,683,0,0,683
201,165,371,204,0,2,3,0,9,0,0,0,0,0,0,0,0,1,0,0,0,0,0,1,0,591,2,0,593
202,166,431,381,2,1,3,1,29,0,1,0,0,0,0,1,0,1,1,0,1,0,0,1,0,854,3,0,857
203,167M,318,235,1,3,3,0,19,0,0,0,0,0,0,0,0,0,2,0,0,0,0,0,0,581,2,0,583
204,167A(W),306,231,2,0,1,1,12,0,1,0,0,0,0,0,1,3,1,3,0,0,0,0,0,562,4,0,566
205,168,487,345,1,8,5,0,16,0,0,1,0,0,0,0,0,0,3,0,0,0,0,1,0,867,7,0,874
206,169M,257,186,0,9,4,0,10,0,1,0,0,0,0,0,0,0,1,0,0,0,0,0,0,468,1,0,469
207,169A(W),275,162,0,5,2,0,2,1,0,0,0,1,0,0,2,3,3,1,0,0,0,1,2,460,2,0,462
208,170,484,264,1,2,1,0,24,1,0,0,0,0,0,0,3,0,1,2,0,0,0,0,0,783,4,0,787
209,171M,340,192,0,6,3,0,18,0,0,0,0,0,0,0,0,0,0,0,0,0,0,0,0,559,6,0,565
210,171A(W),334,143,1,1,1,0,3,0,1,0,0,0,0,0,1,1,3,1,0,0,0,0,0,490,1,0,491
211,172,452,281,0,5,3,0,24,0,0,0,0,0,0,0,1,2,2,0,1,1,0,0,0,772,7,0,779
212,173,396,282,4,4,10,0,26,0,0,0,0,0,0,0,1,1,1,1,0,0,0,0,0,726,1,0,727
213,174,335,353,1,5,2,0,7,0,0,0,1,0,0,1,1,2,2,0,0,0,1,0,0,711,1,0,712
214,175M,330,180,0,6,7,0,39,0,0,0,0,0,0,2,0,1,0,0,0,0,0,0,0,565,3,0,568
215,175A(W),299,140,1,0,3,0,20,1,1,1,1,0,0,1,1,2,4,1,0,0,1,1,1,479,3,0,482
216,176M,276,190,2,5,3,0,30,0,1,0,0,0,0,0,0,0,1,1,0,0,0,0,0,509,2,0,511
217,176A(W),263,164,0,4,2,0,17,3,2,0,0,0,0,0,0,5,0,1,0,0,1,0,1,463,2,0,465
218,177M,205,206,1,10,11,0,37,0,1,0,1,0,0,0,1,1,0,0,0,0,0,0,0,474,4,0,478
219,177A(W),196,210,2,11,5,0,17,0,0,0,1,0,0,0,0,0,1,1,0,0,0,0,0,444,1,0,445
220,178,415,171,1,2,4,1,23,0,0,0,0,0,1,3,0,4,1,0,0,0,0,0,0,626,4,0,630
221,179,386,188,0,2,3,0,17,0,0,0,1,0,0,0,0,0,0,0,0,0,0,0,0,597,4,0,601
222,180,474,226,0,2,9,0,20,1,0,0,0,0,0,0,0,2,0,1,0,0,0,0,0,735,5,0,740
223,181,322,231,3,3,7,0,16,3,1,0,0,0,1,0,3,3,7,1,0,1,0,0,0,602,6,0,608
224,182,222,270,1,4,3,0,23,0,1,0,0,1,0,0,0,1,0,0,0,0,0,0,0,526,3,0,529
225,183,129,113,1,1,3,1,11,1,0,0,0,0,0,1,0,2,1,0,0,0,0,0,0,264,1,0,265
226,184,505,345,5,1,14,1,38,0,3,0,1,0,1,1,4,11,2,1,0,0,0,1,0,934,9,0,943
227,185,373,282,4,9,2,1,22,1,0,0,2,0,1,0,2,3,0,2,0,0,1,0,0,705,1,0,706
228,186M,248,224,3,11,1,1,26,0,0,0,0,1,0,0,1,0,0,0,0,0,0,0,0,516,0,0,516
229,186A(W),263,187,1,5,0,1,12,0,1,1,0,0,0,0,0,1,2,2,0,0,0,0,0,476,3,0,479
230,187,461,208,4,3,1,0,23,0,1,0,2,1,0,0,1,0,4,0,0,0,0,0,0,709,5,0,714
231,188,485,222,1,4,7,1,19,3,2,1,0,0,1,0,2,4,1,0,1,0,0,0,0,754,5,0,759
232,189M,230,254,0,0,1,0,30,2,0,0,0,0,0,0,1,1,1,0,0,0,1,0,0,521,3,0,524
233,189A(W),227,207,2,1,1,0,6,0,0,0,0,0,0,0,2,0,0,0,0,0,0,0,0,446,0,0,446
234,190,388,216,2,1,6,1,24,1,0,0,0,0,0,1,2,1,0,1,0,0,0,0,0,644,4,0,648
235,191,447,265,2,4,2,1,41,0,0,1,0,0,1,2,4,4,2,3,0,1,0,0,3,783,10,0,793
236,192,325,326,1,9,10,0,78,1,0,0,2,1,1,2,1,9,3,1,0,1,1,0,0,772,2,0,774
237,193,203,224,0,9,7,0,19,0,0,0,0,0,0,0,1,0,0,1,0,0,0,0,0,464,4,0,468
238,194M,388,206,0,9,10,0,40,0,0,1,0,0,0,1,5,1,0,0,0,0,0,1,0,662,2,0,664
239,194A(W),375,152,2,3,1,0,4,1,0,0,2,0,0,0,5,5,2,1,0,0,0,0,0,553,3,0,556
240,195,164,179,0,26,1,0,30,0,0,0,0,0,0,0,0,0,1,1,0,0,0,0,0,402,5,0,407
241,196M,304,212,0,2,11,0,52,0,0,0,1,0,0,0,2,0,0,1,0,0,0,0,0,585,7,0,592
242,196A(W),297,186,1,2,5,0,17,0,0,0,2,0,1,2,3,5,2,0,0,1,0,0,1,525,8,0,533
243,197,231,132,1,3,3,0,12,0,1,2,0,1,0,0,1,3,1,0,0,0,0,0,0,391,4,0,395
244,198,409,326,2,15,6,0,58,0,0,0,0,0,0,2,1,3,2,2,0,0,0,0,3,829,9,0,838
245,199,354,278,2,13,5,0,46,2,1,0,1,0,0,1,3,3,1,2,0,0,0,0,0,712,4,0,716
246,200,326,449,4,3,14,1,31,1,2,0,1,0,1,1,0,3,0,1,0,0,1,0,0,839,7,0,846
247,201M,229,218,0,16,3,0,50,1,1,0,0,0,0,0,0,0,1,0,0,0,0,0,1,520,2,0,522
248,201A(W),225,202,1,18,3,0,18,0,0,0,0,0,0,0,0,5,0,0,0,0,0,0,0,472,11,0,483
249,202,297,306,3,16,11,0,68,0,0,1,1,0,0,0,1,2,0,0,0,0,0,0,2,708,6,0,714
250,203,276,319,2,24,3,0,57,1,0,0,0,0,0,0,0,1,3,2,0,0,0,0,0,688,3,0,691
251,204,309,269,3,19,5,0,41,1,0,0,1,0,0,0,1,1,3,1,0,0,0,0,1,655,5,0,660
252,205,246,336,2,25,8,0,30,0,0,0,0,0,0,0,1,3,0,2,0,0,0,0,1,654,6,0,660
253,206,309,312,1,12,4,0,45,0,0,0,0,0,0,0,3,0,4,0,0,0,0,0,0,690,9,0,699
254,207,266,272,4,20,4,1,35,0,1,0,2,1,0,0,2,2,0,0,0,0,0,0,0,610,1,0,611
255,208,302,327,4,24,7,0,68,0,0,0,0,0,0,1,1,3,0,1,0,0,0,0,0,738,8,0,746
256,209,229,222,0,7,9,0,43,1,0,0,0,0,3,0,0,2,0,0,0,0,1,0,0,517,7,0,524
257,210,256,212,0,16,2,0,35,0,2,0,1,0,0,0,0,0,2,3,0,0,0,0,0,529,0,0,529
258,211,318,352,2,28,5,0,40,0,0,1,1,0,0,0,0,0,1,0,0,0,0,0,0,748,2,0,750
259,212,306,282,2,39,4,0,42,1,0,0,0,2,0,0,3,0,2,0,0,0,0,0,0,683,9,0,692
260,213,278,286,0,22,2,0,40,0,0,0,1,0,0,0,2,0,2,0,0,0,0,0,0,633,6,0,639
261,214,297,196,1,31,4,0,64,0,0,1,0,0,0,0,0,0,0,0,0,0,0,1,0,595,10,0,605
262,215,331,218,3,1,2,0,3,0,0,0,0,0,0,1,2,3,2,0,0,0,0,0,0,566,0,0,566
263,216M,288,150,0,1,5,0,19,0,0,0,0,0,0,0,1,1,1,0,0,0,0,0,1,467,5,0,472
264,216A(W),287,107,0,8,1,0,9,0,0,0,0,0,0,2,2,2,1,0,0,0,0,0,0,419,1,0,420
265,217M,275,150,0,3,6,0,35,0,0,0,0,0,0,0,0,0,2,2,0,0,0,0,0,473,3,0,476
266,217A(W),278,125,0,4,5,0,8,2,0,0,0,0,0,0,1,2,0,2,1,0,0,1,0,429,0,0,429
267,218,403,264,8,12,3,0,31,1,1,0,0,2,0,1,2,5,3,0,1,2,0,0,1,740,9,0,749
268,219,487,244,0,6,5,1,58,1,2,0,1,0,0,0,1,1,4,3,0,0,0,0,0,814,6,0,820
269,220,258,126,0,2,10,1,18,0,0,1,1,0,1,0,0,3,4,0,0,0,0,1,0,426,2,0,428
270,221M,344,184,0,4,1,0,36,2,0,0,0,0,0,0,0,4,0,0,0,0,0,0,1,576,1,0,577
271,221A(W),352,157,1,4,1,0,11,1,1,0,2,0,0,0,2,3,4,2,0,0,0,0,0,541,1,0,542
272,222M,354,148,0,14,4,0,31,0,0,0,0,1,0,0,1,1,1,0,0,0,0,1,0,556,1,0,557
273,222A(W),308,142,1,6,6,0,15,0,2,1,0,0,0,1,0,3,1,2,1,0,1,1,0,491,4,0,495
274,223,454,228,3,6,4,1,26,0,0,0,0,0,0,1,1,0,1,1,0,0,0,0,0,726,2,0,728
275,224,284,220,3,3,9,0,12,0,0,0,0,0,1,0,0,1,0,1,0,0,0,0,0,534,1,0,535
276,225,303,218,3,1,4,0,10,1,1,0,0,1,0,0,3,5,1,0,0,0,0,0,1,552,2,0,554
277,226,353,480,2,4,18,0,30,1,0,1,1,0,2,2,3,1,2,0,0,0,0,0,2,902,6,0,908
278,227,456,362,3,0,8,0,31,0,0,2,0,0,1,2,0,2,2,3,0,0,0,2,1,875,4,0,879
279,228,278,257,1,3,12,0,25,0,0,0,0,1,0,0,2,0,0,2,0,0,1,0,0,582,2,0,584
280,229,528,298,4,4,6,0,43,2,1,0,1,1,0,0,4,3,4,0,0,0,1,0,2,902,6,0,908
281,230,458,204,2,1,13,0,21,1,0,0,0,1,0,0,1,2,4,1,1,0,0,0,1,711,5,0,716
282,231,335,147,3,1,13,2,36,0,0,0,0,0,3,0,0,1,1,1,0,0,0,0,1,544,1,0,545
283,232M,277,174,1,1,3,0,24,0,0,0,0,0,0,0,1,1,1,1,0,0,0,0,0,484,1,0,485
284,232A(W),264,160,1,4,4,0,11,0,0,0,0,0,0,2,1,9,3,1,0,0,0,0,0,460,0,0,460
285,233,424,212,3,4,23,0,23,0,0,2,1,0,1,0,1,5,2,2,2,1,1,1,0,708,3,0,711
286,234,212,133,1,1,10,0,27,0,0,1,0,0,0,0,0,2,0,0,0,0,1,0,0,388,2,0,390
287,235,587,206,1,4,31,1,52,0,1,1,1,0,1,1,2,4,3,3,0,0,0,0,0,899,1,0,900
288,236,355,159,1,5,37,0,24,0,3,0,0,0,0,0,0,1,3,3,0,0,0,0,1,592,1,0,593
289,237M,353,122,0,5,13,0,34,0,0,0,2,0,0,0,0,0,0,0,0,0,0,0,0,529,5,0,534
290,237A(W),314,101,0,4,6,1,12,0,1,1,1,0,0,0,0,2,2,0,1,0,0,1,2,449,4,0,453
291,238,336,140,1,5,27,0,21,0,0,0,0,1,0,1,0,1,2,0,0,0,1,0,0,536,1,0,537
292,239,405,160,4,5,17,2,28,0,0,1,0,0,0,3,3,2,0,0,0,0,0,0,0,630,4,0,634
293,240,366,153,0,1,24,0,42,1,0,0,1,0,0,0,1,3,0,0,0,0,0,0,0,592,3,0,595
294,241,449,180,4,6,44,2,45,3,0,0,0,0,1,0,1,0,1,0,0,0,0,0,0,736,3,0,739
295,242,579,326,8,5,8,2,9,0,1,1,1,1,1,0,1,3,1,3,0,0,0,1,0,951,5,0,956
296,243,505,213,1,0,5,0,11,0,0,0,0,0,0,0,1,2,3,1,0,0,0,0,0,742,3,0,745
297,244M,227,256,1,2,6,0,17,0,0,1,0,0,0,2,2,1,1,0,0,0,0,0,0,516,7,0,523
298,244A(W),238,220,4,5,0,0,6,0,1,0,1,0,0,0,2,5,0,1,0,0,0,0,0,483,1,0,484
299,245M,388,299,4,1,3,0,25,0,0,0,0,1,0,0,0,3,0,0,0,0,0,0,0,724,3,0,727
300,245A(W),341,230,3,4,1,1,8,1,0,1,2,0,0,3,1,4,2,0,0,0,0,0,1,603,3,0,606
301,246M,381,147,1,4,2,0,14,0,0,1,0,0,0,0,2,1,0,0,0,1,0,0,0,554,6,0,560
302,246A(W),316,108,1,2,0,2,3,0,0,0,0,0,0,0,2,3,3,1,0,0,0,1,0,442,2,0,444
303,247,572,277,2,23,3,2,53,1,1,0,0,0,0,0,1,2,2,0,0,0,0,0,0,939,2,0,941
304,248M,352,206,1,8,4,2,36,1,0,0,0,0,0,0,0,2,0,1,0,0,0,0,0,613,2,0,615
305,248A(W),325,161,2,4,5,0,10,0,1,0,1,0,0,1,5,3,3,0,0,0,0,1,0,522,2,0,524
306,249M,249,231,1,4,2,0,33,0,0,0,1,0,0,0,0,1,0,0,0,0,0,0,0,522,5,0,527
307,249A(W),267,170,1,5,1,0,8,0,1,0,0,0,0,0,0,3,2,0,0,0,0,0,0,458,4,0,462
308,250,368,364,1,6,11,0,39,0,1,0,0,0,0,0,3,8,2,0,0,0,0,0,1,804,6,0,810
309,251,380,256,3,4,6,0,31,2,0,0,0,1,0,1,2,1,6,1,0,0,0,0,0,694,4,0,698
310,252M,256,201,0,4,3,0,25,0,0,0,0,0,0,1,0,0,0,0,0,0,0,0,0,490,5,0,495
311,252A(W),250,184,3,7,0,0,7,0,0,0,0,0,1,2,5,2,2,1,1,0,0,0,0,465,1,0,466
312,253,406,251,1,19,2,0,31,0,0,0,0,0,1,0,2,4,2,0,0,0,0,0,0,719,8,0,727
313,254,479,254,2,49,1,0,44,0,0,0,0,0,0,0,2,0,1,1,0,0,0,0,1,834,7,0,841
314,255M,249,313,2,1,4,1,63,0,0,0,0,0,0,0,1,1,3,0,0,0,0,0,0,638,2,0,640
315,255A(W),238,258,13,2,5,0,26,0,0,0,2,0,1,2,4,2,11,8,3,0,0,1,3,579,2,0,581
316,256,433,299,1,1,4,0,46,1,0,0,0,0,0,0,5,0,4,2,0,0,1,0,1,798,11,0,809
317,257,262,258,2,3,2,0,8,2,0,0,0,0,0,0,1,1,2,0,0,0,0,0,0,541,2,0,543
318,258,512,304,1,30,1,0,63,1,0,0,0,2,0,0,0,0,4,2,0,0,0,0,1,921,7,0,928
319,259M,240,228,1,12,1,0,20,0,0,0,0,1,0,0,0,0,2,0,0,0,0,0,0,505,2,0,507
320,259A(W),264,194,1,5,0,0,10,0,0,0,1,0,0,0,1,1,0,1,1,0,0,0,2,481,0,0,481
321,260M,262,298,2,6,4,0,52,1,0,1,0,0,0,0,0,0,2,1,0,0,0,0,0,629,7,0,636
322,260A(W),254,266,1,5,2,0,14,1,0,0,0,0,0,0,0,3,3,2,0,0,0,0,0,551,2,0,553
323,261M,306,186,0,4,3,0,37,0,0,0,0,0,1,0,0,0,1,0,0,0,0,0,0,538,6,0,544
324,261A(W),305,169,4,3,1,0,8,1,1,0,1,0,0,0,2,2,3,0,1,0,0,0,1,502,4,0,506
325,262M,288,200,0,21,2,0,27,0,0,0,0,0,0,0,1,1,3,2,0,0,0,0,0,545,4,0,549
326,262A(W),318,182,0,11,2,0,17,1,0,0,0,0,0,0,0,0,0,1,0,0,0,0,0,532,3,0,535
327,263,159,104,0,3,1,0,14,1,0,0,0,0,0,0,0,0,0,0,0,0,0,1,0,283,2,0,285
328,264M,262,212,0,22,3,0,45,1,0,0,0,1,0,0,1,1,2,2,1,0,0,1,1,555,6,0,561
329,264A(W),282,187,2,21,0,0,16,0,0,0,0,0,0,0,1,0,1,0,0,0,0,0,0,510,3,0,513
330,265M,271,235,0,2,4,0,34,0,0,0,0,0,0,0,0,0,0,0,0,0,0,0,0,546,2,0,548
331,265A(W),269,178,1,1,0,0,11,2,0,0,0,1,0,2,4,3,1,0,0,0,0,1,0,474,3,0,477
332,266,504,378,2,10,1,0,47,3,0,0,0,0,1,1,4,3,2,0,0,0,0,0,2,958,7,0,965
333,267,236,189,2,9,0,0,12,1,0,0,2,0,0,0,1,1,1,0,1,0,0,0,1,456,2,0,458
334,268M,282,196,1,5,4,1,15,0,0,0,0,0,0,0,0,1,1,0,0,0,0,0,0,506,5,0,511
335,268A(W),281,164,1,2,1,1,5,0,0,0,0,0,1,1,2,1,0,0,0,0,0,0,0,460,1,0,461
336,269,357,235,6,9,4,1,20,0,1,0,0,0,0,0,0,1,2,0,0,0,0,0,0,636,7,0,643
337,270M,307,282,1,4,7,0,48,0,0,1,0,0,0,0,0,0,2,0,0,0,0,0,0,652,3,0,655
338,270A(W),343,219,1,5,1,0,12,0,0,0,0,1,1,1,1,2,0,0,0,0,0,0,0,587,6,0,593
339,271,531,334,4,6,6,0,42,0,0,0,1,0,0,1,1,4,4,2,0,0,0,0,2,938,5,0,943
340,272M,325,186,0,1,3,0,28,0,0,1,1,0,0,0,0,2,1,2,0,0,0,1,0,551,7,0,558
341,272A(W),324,157,0,3,1,1,21,0,0,0,1,0,0,0,1,2,0,3,0,0,0,1,1,516,1,0,517
342,273,332,329,0,14,5,0,37,0,0,0,0,0,0,0,3,3,0,0,0,0,0,2,0,725,4,0,729
343,274,463,307,1,14,2,0,30,0,0,0,1,0,0,0,0,2,2,0,0,0,0,0,0,822,4,0,826
344,275M,325,193,1,1,1,0,33,0,0,0,0,0,0,1,0,0,0,0,0,0,0,0,0,555,8,0,563
345,275A(W),296,180,2,3,1,0,7,0,0,0,0,0,1,0,1,1,1,0,0,0,0,0,0,493,1,0,494
346,276M,330,257,0,2,2,0,45,0,0,0,1,0,0,0,0,0,1,0,0,0,0,0,0,638,5,0,643
347,276A(W),329,202,2,9,3,0,12,0,0,0,1,0,0,1,0,1,1,1,0,0,0,0,0,562,5,0,567
348,277,498,246,2,21,9,1,47,0,0,0,0,0,1,0,2,3,0,1,0,0,0,0,0,831,5,0,836
349,278,230,226,0,12,3,0,16,0,0,0,0,0,1,0,3,4,1,0,0,0,1,0,0,497,2,0,499
350,279,519,308,3,25,11,0,38,0,0,0,0,0,0,0,2,9,0,2,0,0,0,2,1,920,8,0,928
351,280,320,168,3,23,1,0,15,0,0,0,0,0,0,0,0,0,0,1,0,0,0,0,0,531,2,0,533
352,281M,265,216,0,19,1,0,22,1,0,0,0,0,0,0,0,2,0,0,1,0,0,0,1,528,6,0,534
353,281A(W),302,155,2,11,2,0,5,0,0,0,2,0,0,0,0,0,0,0,0,0,0,0,0,479,3,0,482
354,282,400,352,0,9,6,1,43,1,0,0,0,0,0,0,1,4,0,0,0,0,0,0,0,817,3,0,820
355,283,406,364,7,3,3,0,21,1,0,2,1,1,0,0,4,7,4,3,0,1,1,0,0,829,6,0,835
356,284M,347,209,0,3,6,0,51,1,0,0,0,0,0,1,0,1,0,1,0,0,0,0,0,620,5,0,625
357,284A(W),363,157,1,4,2,1,8,1,0,0,0,0,0,0,2,6,4,0,0,0,0,0,0,549,2,0,551
358,285,196,275,1,16,2,0,23,0,0,1,0,1,0,2,0,1,1,0,0,0,0,0,0,519,1,0,520
359,286M,217,257,0,18,1,0,31,0,0,0,0,0,0,0,0,4,0,1,0,0,0,0,0,529,4,0,533
360,286A(W),260,234,1,10,1,0,17,1,1,0,0,1,1,0,1,2,4,1,0,0,0,0,0,535,3,0,538
361,287,275,450,3,19,5,0,26,0,0,0,1,0,0,0,0,1,0,0,0,0,0,0,0,780,2,0,782
362,288,135,181,1,15,1,0,10,1,0,0,0,0,0,0,1,0,0,0,0,0,0,0,0,345,1,0,346
363,289,217,296,2,36,4,0,19,0,0,0,0,1,0,0,0,0,2,0,0,0,0,0,0,577,3,0,580
364,290,400,267,3,17,4,0,55,0,0,0,2,0,0,0,0,2,1,1,1,0,0,0,0,753,3,0,756
365,291,492,303,2,14,1,0,27,0,1,0,0,1,0,0,3,4,2,0,0,0,0,11,0,861,8,0,869
366,292M,325,171,1,3,4,0,27,0,0,1,0,0,0,0,0,2,0,1,0,0,0,3,0,538,1,0,539
367,292A(W),334,128,1,4,0,1,11,0,1,1,0,0,0,1,0,2,1,3,0,0,0,2,0,490,2,0,492
368,293,445,227,2,5,0,0,28,0,0,0,0,0,0,1,0,3,1,0,0,0,0,3,0,715,2,0,717
369,294,294,138,2,37,2,0,22,0,2,0,0,0,0,0,1,1,2,0,0,0,0,1,0,502,8,0,510
370,295,374,217,1,9,2,0,28,0,0,1,0,0,0,1,4,3,4,1,0,0,0,0,1,646,3,0,649
371,296,334,182,3,10,8,0,10,1,1,0,1,0,1,0,5,1,1,1,0,0,0,0,0,559,6,0,565
372,297,303,248,2,4,1,0,13,0,0,0,1,0,0,0,0,0,6,4,0,0,0,1,1,584,8,0,592
373,298M,297,150,1,4,9,0,31,0,0,0,1,0,0,1,1,0,1,0,0,0,0,1,0,497,1,0,498
374,298A(W),335,101,0,3,6,0,10,0,1,0,0,0,0,0,1,7,0,0,0,0,0,1,0,465,0,0,465
375,299,290,222,4,4,1,0,23,0,1,0,0,0,1,0,1,5,1,1,0,1,0,0,1,556,3,0,559
376,300,363,333,2,17,4,0,16,1,1,0,0,1,0,0,0,1,1,0,0,0,1,0,1,742,0,0,742
377,301M,354,158,0,7,1,0,32,0,0,0,0,0,0,0,2,1,1,1,0,0,0,0,0,557,1,0,558
378,301A(W),385,126,2,5,1,0,11,0,0,0,1,0,0,0,1,2,0,0,0,0,0,0,0,534,4,0,538
379,302,127,204,0,7,2,0,15,0,0,0,0,0,0,0,0,0,0,0,0,0,0,1,0,356,4,0,360
380,303,409,403,0,25,5,0,29,0,0,0,1,0,0,0,1,1,3,3,0,0,0,1,0,881,2,0,883
381,304,307,203,2,3,3,0,15,0,0,0,0,0,1,2,0,2,0,0,0,0,0,0,0,538,3,0,541
382,305,265,263,1,10,4,1,28,1,0,1,0,0,0,0,0,1,0,1,0,0,0,0,0,576,4,0,580
383,306,350,358,1,22,3,0,30,0,1,0,0,1,0,0,0,0,2,0,0,0,0,0,0,768,12,0,780
384,307M,247,238,0,20,2,0,44,0,0,1,0,0,0,1,0,2,1,0,0,0,0,0,0,556,3,0,559
385,307A(W),285,188,2,15,0,0,23,0,0,0,0,0,0,0,0,2,1,0,0,0,0,0,0,516,0,0,516
386,308,462,236,0,9,13,0,36,1,0,0,0,0,1,1,2,3,0,1,0,0,0,0,0,765,0,0,765
387,309,492,191,0,2,1,0,26,0,0,0,0,0,0,0,1,4,3,2,0,0,0,0,0,722,2,0,724
388,310,294,234,1,6,6,0,57,0,1,0,2,0,0,0,3,3,1,0,0,0,0,0,1,609,6,0,615
389,311,310,188,1,4,5,0,35,0,0,0,0,0,0,0,1,0,0,0,0,0,0,0,0,544,4,0,548
